-- phpMyAdmin SQL Dump
-- version 2.8.0.1
-- http://www.phpmyadmin.net
-- 
-- Host: localhost
-- Generation Time: Jan 11, 2014 at 04:11 PM
-- Server version: 5.0.89
-- PHP Version: 5.3.10
-- 
-- Database: `vx600000db`
-- 

-- --------------------------------------------------------

-- 
-- Table structure for table `statistics_basket`
-- 

DROP TABLE IF EXISTS `statistics_basket`;
CREATE TABLE `statistics_basket` (
  `basket_id` int(11) NOT NULL auto_increment,
  `par` int(11) default NULL,
  `shots` int(11) default NULL,
  `lap_id` int(11) NOT NULL,
  `number` int(11) NOT NULL,
  PRIMARY KEY  (`basket_id`,`lap_id`),
  KEY `fk_basket_lap1` (`lap_id`)
) ENGINE=InnoDB AUTO_INCREMENT=1164 DEFAULT CHARSET=utf8 COLLATE=utf8_slovak_ci AUTO_INCREMENT=1164 ;

-- 
-- Dumping data for table `statistics_basket`
-- 

INSERT INTO `statistics_basket` (`basket_id`, `par`, `shots`, `lap_id`, `number`) VALUES (1, 4, 4, 1, 1),
(2, 8, 5, 1, 2),
(3, 45, 2, 1, 3),
(4, 5, 3, 1, 4),
(5, 5, 5, 1, 5),
(6, 4, 5, 2, 1),
(7, 8, 6, 2, 2),
(8, 45, 8, 2, 3),
(9, 5, 3, 2, 4),
(10, 5, 9, 2, 5),
(11, 4, 1, 3, 1),
(12, 8, 4, 3, 2),
(13, 5, 8, 3, 4),
(14, 45, 2, 3, 3),
(15, 3, 12, 2, 6),
(16, 2, 4, 5, 1),
(17, 7, 5, 5, 2),
(18, 4, 3, 5, 4),
(19, 5, 7, 5, 5),
(20, 45, 8, 5, 6),
(21, 1, 1, 5, 7),
(22, 6, 4, 5, 8),
(23, 2, 6, 5, 9),
(24, 3, 4, 5, 10),
(25, 4, 4, 4, 1),
(26, 7, 7, 4, 2),
(27, 45, 5, 4, 3),
(28, 7, 9, 4, 4),
(29, 5, 6, 4, 5),
(30, 9, 3, 4, 6),
(31, 5, 8, 4, 7),
(32, 9, 98, 4, 8),
(33, 2, 2, 6, 1),
(34, 4, 3, 6, 2),
(35, 4, 8, 6, 3),
(36, 2, 4, 6, 4),
(37, 2, 8, 6, 5),
(38, 3, 4, 6, 6),
(39, 4, 5, 5, 3),
(40, 4, 2, 7, 1),
(41, 3, 3, 7, 2),
(42, 3, 4, 7, 3),
(43, 2, 6, 7, 4),
(44, 1, 4, 7, 5),
(45, 4, 4, 8, 1),
(46, 3, 6, 8, 2),
(47, 3, 6, 8, 3),
(48, 2, 7, 8, 4),
(49, 1, 9, 8, 5),
(50, 3, 10, 8, 6),
(51, 4, 2, 9, 1),
(52, 3, 3, 9, 2),
(53, 3, 5, 9, 3),
(54, 2, 8, 9, 4),
(55, 3, 1, 13, 1),
(56, 4, 2, 13, 2),
(57, 5, 3, 13, 3),
(58, 4, 4, 13, 4),
(59, 3, 1, 14, 1),
(60, 4, 2, 14, 2),
(61, 5, 3, 14, 3),
(62, 4, 4, 14, 4),
(63, 3, 1, 15, 1),
(64, 4, 2, 15, 2),
(65, 5, 3, 15, 3),
(66, 4, 4, 15, 4),
(67, 3, 1, 16, 1),
(68, 4, 2, 16, 2),
(69, 5, 3, 16, 3),
(70, 4, 4, 16, 4),
(71, 3, 1, 17, 1),
(72, 4, 2, 17, 2),
(73, 5, 3, 17, 3),
(74, 4, 4, 17, 4),
(75, 3, 9, 18, 1),
(76, 4, 9, 18, 2),
(77, 5, 9, 18, 3),
(78, 4, 9, 18, 4),
(79, 3, 9, 19, 1),
(80, 4, 9, 19, 2),
(81, 5, 9, 19, 3),
(82, 3, 1, 20, 1),
(83, 4, 2, 20, 2),
(84, 5, 3, 20, 3),
(85, 4, 4, 20, 4),
(86, 3, 1, 21, 1),
(87, 4, 2, 21, 2),
(88, 5, 3, 21, 3),
(89, 4, 4, 21, 4),
(90, 3, 3, 22, 1),
(91, 4, 6, 22, 2),
(92, 5, 3, 22, 3),
(93, 4, 4, 22, 4),
(94, 3, 1, 23, 1),
(95, 4, 2, 23, 2),
(96, 5, 3, 23, 3),
(97, 4, 4, 23, 4),
(98, 3, 1, 24, 1),
(99, 4, 2, 24, 2),
(100, 5, 3, 24, 3),
(101, 4, 4, 24, 4),
(102, 3, 1, 25, 1),
(103, 4, 2, 25, 2),
(104, 5, 3, 25, 3),
(105, 4, 4, 25, 4),
(106, 3, 1, 26, 1),
(107, 4, 2, 26, 2),
(108, 5, 3, 26, 3),
(109, 4, 4, 26, 4),
(110, 3, 1, 27, 1),
(111, 4, 2, 27, 2),
(112, 5, 3, 27, 3),
(113, 4, 4, 27, 4),
(114, 3, 1, 28, 1),
(115, 4, 2, 28, 2),
(116, 5, 3, 28, 3),
(117, 4, 4, 28, 4),
(118, 3, 1, 29, 1),
(119, 4, 2, 29, 2),
(120, 5, 3, 29, 3),
(121, 4, 4, 29, 4),
(122, 3, 9, 30, 1),
(123, 4, 9, 30, 2),
(124, 5, 9, 30, 3),
(125, 4, 9, 30, 4),
(126, 3, 9, 31, 1),
(127, 4, 9, 31, 2),
(128, 5, 9, 31, 3),
(129, 3, 1, 32, 1),
(130, 4, 2, 32, 2),
(131, 5, 3, 32, 3),
(132, 4, 4, 32, 4),
(133, 3, 1, 33, 1),
(134, 4, 2, 33, 2),
(135, 5, 3, 33, 3),
(136, 4, 4, 33, 4),
(137, 3, 3, 34, 1),
(138, 4, 6, 34, 2),
(139, 5, 3, 34, 3),
(140, 4, 4, 34, 4),
(141, 3, 1, 35, 1),
(142, 4, 2, 35, 2),
(143, 5, 3, 35, 3),
(144, 4, 4, 35, 4),
(145, 3, 1, 36, 1),
(146, 4, 2, 36, 2),
(147, 5, 3, 36, 3),
(148, 4, 4, 36, 4),
(149, 9, 1, 37, 1),
(150, 7, 2, 37, 2),
(151, 12, 3, 37, 3),
(152, 8, 4, 37, 4),
(153, 9, 1, 38, 1),
(154, 7, 2, 38, 2),
(155, 12, 3, 38, 3),
(156, 8, 4, 38, 4),
(157, 9, 1, 39, 1),
(158, 7, 2, 39, 2),
(159, 12, 3, 39, 3),
(160, 8, 4, 39, 4),
(161, 9, 1, 40, 1),
(162, 7, 2, 40, 2),
(163, 12, 3, 40, 3),
(164, 8, 4, 40, 4),
(165, 9, 1, 41, 1),
(166, 7, 2, 41, 2),
(167, 12, 3, 41, 3),
(168, 8, 4, 41, 4),
(176, 9, 1, 44, 1),
(177, 7, 2, 44, 2),
(178, 12, 3, 44, 3),
(179, 8, 4, 44, 4),
(180, 9, 1, 45, 1),
(181, 7, 2, 45, 2),
(182, 12, 3, 45, 3),
(183, 8, 4, 45, 4),
(184, 9, 3, 46, 1),
(185, 7, 6, 46, 2),
(186, 12, 3, 46, 3),
(187, 8, 4, 46, 4),
(188, 9, 1, 47, 1),
(189, 7, 2, 47, 2),
(190, 12, 3, 47, 3),
(191, 8, 4, 47, 4),
(192, 9, 1, 48, 1),
(193, 7, 2, 48, 2),
(194, 12, 3, 48, 3),
(195, 8, 4, 48, 4),
(268, NULL, 4, 56, 1),
(269, NULL, 4, 56, 2),
(270, NULL, 3, 56, 3),
(271, NULL, 3, 56, 4),
(272, NULL, 4, 56, 5),
(273, NULL, 5, 56, 6),
(274, NULL, 3, 56, 7),
(275, NULL, 3, 56, 8),
(276, NULL, 3, 56, 9),
(277, NULL, 3, 56, 10),
(278, NULL, 3, 56, 11),
(279, NULL, 4, 57, 1),
(280, NULL, 5, 57, 2),
(281, NULL, 3, 57, 3),
(282, NULL, 4, 57, 4),
(283, NULL, 4, 57, 5),
(284, NULL, 5, 57, 6),
(285, NULL, 2, 57, 7),
(286, NULL, 2, 57, 8),
(287, NULL, 3, 57, 9),
(288, NULL, 3, 57, 10),
(289, NULL, 3, 57, 11),
(290, NULL, 4, 58, 1),
(291, NULL, 5, 58, 2),
(292, NULL, 2, 58, 3),
(293, NULL, 3, 58, 4),
(294, NULL, 3, 58, 5),
(295, NULL, 6, 58, 6),
(296, NULL, 4, 58, 7),
(297, NULL, 4, 58, 8),
(298, NULL, 4, 58, 9),
(299, NULL, 3, 58, 10),
(300, NULL, 4, 58, 11),
(301, NULL, 5, 59, 1),
(302, NULL, 4, 59, 2),
(303, NULL, 4, 59, 3),
(304, NULL, 4, 59, 4),
(305, NULL, 3, 59, 5),
(306, NULL, 5, 59, 6),
(307, NULL, 4, 59, 7),
(308, NULL, 3, 59, 8),
(309, NULL, 4, 59, 9),
(310, NULL, 3, 59, 10),
(311, NULL, 3, 59, 11),
(312, NULL, 5, 60, 1),
(313, NULL, 5, 60, 2),
(314, NULL, 3, 60, 3),
(315, NULL, 5, 60, 4),
(316, NULL, 4, 60, 5),
(317, NULL, 7, 60, 6),
(318, NULL, 4, 60, 7),
(319, NULL, 3, 60, 8),
(320, NULL, 3, 60, 9),
(321, NULL, 4, 60, 10),
(322, NULL, 3, 60, 11),
(323, NULL, 3, 61, 1),
(324, NULL, 5, 61, 2),
(325, NULL, 3, 61, 3),
(326, NULL, 3, 61, 4),
(327, NULL, 4, 61, 5),
(328, NULL, 5, 61, 6),
(329, NULL, 4, 61, 7),
(330, NULL, 3, 61, 8),
(331, NULL, 3, 61, 9),
(332, NULL, 4, 61, 10),
(333, NULL, 3, 61, 11),
(334, NULL, 4, 62, 1),
(335, NULL, 4, 62, 2),
(336, NULL, 3, 62, 3),
(337, NULL, 3, 62, 4),
(338, NULL, 4, 62, 5),
(339, NULL, 6, 62, 6),
(340, NULL, 4, 63, 1),
(341, NULL, 6, 63, 2),
(342, NULL, 3, 63, 3),
(343, NULL, 3, 63, 4),
(344, NULL, 3, 63, 5),
(345, NULL, 4, 63, 6),
(346, NULL, 3, 63, 7),
(347, NULL, 3, 63, 8),
(348, NULL, 3, 63, 9),
(349, NULL, 4, 63, 10),
(350, NULL, 3, 63, 11),
(351, NULL, 4, 64, 1),
(352, NULL, 4, 64, 2),
(353, NULL, 3, 64, 3),
(354, NULL, 6, 64, 4),
(355, NULL, 3, 64, 5),
(356, NULL, 4, 64, 6),
(357, NULL, 3, 64, 7),
(358, NULL, 4, 64, 8),
(359, NULL, 3, 64, 9),
(360, NULL, 3, 64, 10),
(361, NULL, 3, 64, 11),
(362, NULL, 4, 65, 1),
(363, NULL, 6, 65, 2),
(364, NULL, 3, 65, 3),
(365, NULL, 4, 65, 4),
(366, NULL, 4, 65, 5),
(367, NULL, 5, 65, 6),
(368, NULL, 5, 65, 7),
(369, NULL, 3, 65, 8),
(370, NULL, 3, 65, 9),
(371, NULL, 3, 65, 10),
(372, NULL, 5, 65, 11),
(373, NULL, 5, 66, 1),
(374, NULL, 4, 66, 2),
(375, NULL, 3, 66, 3),
(376, NULL, 4, 66, 4),
(377, NULL, 4, 66, 5),
(378, NULL, 5, 66, 6),
(379, NULL, 4, 66, 7),
(380, NULL, 4, 66, 8),
(381, NULL, 4, 66, 9),
(382, NULL, 3, 66, 10),
(383, NULL, 4, 66, 11),
(384, NULL, 4, 67, 1),
(385, NULL, 6, 67, 2),
(386, NULL, 4, 67, 3),
(387, NULL, 4, 67, 4),
(388, NULL, 4, 67, 5),
(389, NULL, 4, 67, 6),
(390, NULL, 3, 67, 7),
(391, NULL, 4, 67, 8),
(392, NULL, 4, 67, 9),
(393, NULL, 3, 67, 10),
(394, NULL, 4, 67, 11),
(395, NULL, 5, 68, 1),
(396, NULL, 5, 68, 2),
(397, NULL, 2, 68, 3),
(398, NULL, 4, 68, 4),
(399, NULL, 5, 68, 5),
(400, NULL, 5, 68, 6),
(401, NULL, 4, 68, 7),
(402, NULL, 2, 68, 8),
(403, NULL, 3, 68, 9),
(404, NULL, 3, 68, 10),
(405, NULL, 3, 68, 11),
(406, NULL, 3, 69, 1),
(407, NULL, 5, 69, 2),
(408, NULL, 3, 69, 3),
(409, NULL, 4, 69, 4),
(410, NULL, 4, 69, 5),
(411, NULL, 5, 69, 6),
(412, NULL, 5, 70, 1),
(413, NULL, 5, 70, 2),
(414, NULL, 2, 70, 3),
(415, NULL, 4, 70, 4),
(416, NULL, 5, 70, 5),
(417, NULL, 4, 70, 6),
(418, NULL, 4, 70, 7),
(419, NULL, 3, 70, 8),
(420, NULL, 3, 70, 9),
(421, NULL, 3, 70, 10),
(422, NULL, 3, 70, 11),
(423, NULL, 4, 71, 1),
(424, NULL, 5, 71, 2),
(425, NULL, 3, 71, 3),
(426, NULL, 4, 71, 4),
(427, NULL, 3, 71, 5),
(428, NULL, 5, 71, 6),
(429, NULL, 4, 71, 7),
(430, NULL, 3, 71, 8),
(431, NULL, 4, 71, 9),
(432, NULL, 3, 71, 10),
(433, NULL, 5, 71, 11),
(434, NULL, 4, 72, 1),
(435, NULL, 4, 72, 2),
(436, NULL, 3, 72, 3),
(437, NULL, 5, 72, 4),
(438, NULL, 5, 72, 5),
(439, NULL, 6, 72, 6),
(440, NULL, 3, 72, 7),
(441, NULL, 3, 72, 8),
(442, NULL, 4, 72, 9),
(443, NULL, 5, 72, 10),
(444, NULL, 4, 72, 11),
(445, NULL, 6, 73, 1),
(446, NULL, 6, 73, 2),
(447, NULL, 2, 73, 3),
(448, NULL, 5, 73, 4),
(449, NULL, 4, 73, 5),
(450, NULL, 5, 73, 6),
(451, NULL, 3, 73, 7),
(452, NULL, 4, 73, 8),
(453, NULL, 4, 73, 9),
(454, NULL, 5, 73, 10),
(455, NULL, 4, 73, 11),
(456, NULL, 4, 74, 1),
(457, NULL, 5, 74, 2),
(458, NULL, 3, 74, 3),
(459, NULL, 4, 74, 4),
(460, NULL, 4, 74, 5),
(461, NULL, 6, 74, 6),
(462, NULL, 3, 74, 7),
(463, NULL, 5, 74, 8),
(464, NULL, 4, 74, 9),
(465, NULL, 3, 74, 10),
(466, NULL, 4, 74, 11),
(467, NULL, 3, 75, 1),
(468, NULL, 6, 75, 2),
(469, NULL, 4, 75, 3),
(470, NULL, 4, 75, 4),
(471, NULL, 4, 75, 5),
(472, NULL, 5, 75, 6),
(473, NULL, 4, 75, 7),
(474, NULL, 4, 75, 8),
(475, NULL, 4, 75, 9),
(476, NULL, 3, 75, 10),
(477, NULL, 4, 75, 11),
(478, NULL, 4, 76, 1),
(479, NULL, 6, 76, 2),
(480, NULL, 3, 76, 3),
(481, NULL, 4, 76, 4),
(482, NULL, 6, 76, 5),
(483, NULL, 5, 76, 6),
(484, NULL, 4, 77, 1),
(485, NULL, 6, 77, 2),
(486, NULL, 3, 77, 3),
(487, NULL, 5, 77, 4),
(488, NULL, 5, 77, 5),
(489, NULL, 6, 77, 6),
(490, NULL, 3, 77, 7),
(491, NULL, 4, 77, 8),
(492, NULL, 4, 77, 9),
(493, NULL, 4, 77, 10),
(494, NULL, 4, 77, 11),
(495, NULL, 4, 78, 1),
(496, NULL, 6, 78, 2),
(497, NULL, 3, 78, 3),
(498, NULL, 4, 78, 4),
(499, NULL, 4, 78, 5),
(500, NULL, 5, 78, 6),
(501, NULL, 3, 78, 7),
(502, NULL, 4, 78, 8),
(503, NULL, 4, 78, 9),
(504, NULL, 3, 78, 10),
(505, NULL, 3, 78, 11),
(506, NULL, 3, 79, 1),
(507, NULL, 6, 79, 2),
(508, NULL, 4, 79, 3),
(509, NULL, 4, 79, 4),
(510, NULL, 5, 79, 5),
(511, NULL, 6, 79, 6),
(512, NULL, 4, 79, 7),
(513, NULL, 5, 79, 8),
(514, NULL, 3, 79, 9),
(515, NULL, 4, 79, 10),
(516, NULL, 4, 79, 11),
(517, NULL, 3, 80, 1),
(518, NULL, 7, 80, 2),
(519, NULL, 3, 80, 3),
(520, NULL, 3, 80, 4),
(521, NULL, 4, 80, 5),
(522, NULL, 6, 80, 6),
(523, NULL, 4, 80, 7),
(524, NULL, 3, 80, 8),
(525, NULL, 5, 80, 9),
(526, NULL, 4, 80, 10),
(527, NULL, 3, 80, 11),
(528, NULL, 5, 81, 1),
(529, NULL, 5, 81, 2),
(530, NULL, 3, 81, 3),
(531, NULL, 4, 81, 4),
(532, NULL, 4, 81, 5),
(533, NULL, 6, 81, 6),
(534, NULL, 3, 81, 7),
(535, NULL, 3, 81, 8),
(536, NULL, 3, 81, 9),
(537, NULL, 4, 81, 10),
(538, NULL, 3, 81, 11),
(539, NULL, 4, 82, 1),
(540, NULL, 5, 82, 2),
(541, NULL, 4, 82, 3),
(542, NULL, 5, 82, 4),
(543, NULL, 4, 82, 5),
(544, NULL, 6, 82, 6),
(545, NULL, 4, 82, 7),
(546, NULL, 2, 82, 8),
(547, NULL, 6, 82, 9),
(548, NULL, 3, 82, 10),
(549, NULL, 4, 82, 11),
(550, NULL, 4, 83, 1),
(551, NULL, 8, 83, 2),
(552, NULL, 3, 83, 3),
(553, NULL, 4, 83, 4),
(554, NULL, 6, 83, 5),
(555, NULL, 6, 83, 6),
(556, NULL, 4, 83, 7),
(557, NULL, 4, 83, 8),
(558, NULL, 3, 83, 9),
(559, NULL, 4, 83, 10),
(560, NULL, 5, 83, 11),
(561, NULL, 4, 84, 1),
(562, NULL, 5, 84, 2),
(563, NULL, 3, 84, 3),
(564, NULL, 3, 84, 4),
(565, NULL, 4, 84, 5),
(566, NULL, 6, 84, 6),
(567, NULL, 4, 84, 7),
(568, NULL, 4, 84, 8),
(569, NULL, 3, 84, 9),
(570, NULL, 4, 84, 10),
(571, NULL, 5, 84, 11),
(572, NULL, 5, 85, 1),
(573, NULL, 4, 85, 2),
(574, NULL, 4, 85, 3),
(575, NULL, 7, 85, 4),
(576, NULL, 3, 85, 5),
(577, NULL, 4, 85, 6),
(578, NULL, 5, 85, 7),
(579, NULL, 7, 85, 8),
(580, NULL, 4, 85, 9),
(581, NULL, 3, 85, 10),
(582, NULL, 5, 85, 11),
(583, NULL, 6, 86, 1),
(584, NULL, 6, 86, 2),
(585, NULL, 3, 86, 3),
(586, NULL, 4, 86, 4),
(587, NULL, 5, 86, 5),
(588, NULL, 8, 86, 6),
(589, NULL, 5, 86, 7),
(590, NULL, 4, 86, 8),
(591, NULL, 5, 86, 9),
(592, NULL, 4, 86, 10),
(593, NULL, 4, 86, 11),
(594, NULL, 4, 87, 1),
(595, NULL, 7, 87, 2),
(596, NULL, 4, 87, 3),
(597, NULL, 4, 87, 4),
(598, NULL, 5, 87, 5),
(599, NULL, 5, 87, 6),
(600, NULL, 4, 87, 7),
(601, NULL, 5, 87, 8),
(602, NULL, 5, 87, 9),
(603, NULL, 4, 87, 10),
(604, NULL, 4, 87, 11),
(605, NULL, 4, 88, 1),
(606, NULL, 6, 88, 2),
(607, NULL, 3, 88, 3),
(608, NULL, 5, 88, 4),
(609, NULL, 5, 88, 5),
(610, NULL, 8, 88, 6),
(611, NULL, 4, 88, 7),
(612, NULL, 3, 88, 8),
(613, NULL, 4, 88, 9),
(614, NULL, 3, 88, 10),
(615, NULL, 4, 88, 11),
(616, NULL, 4, 89, 1),
(617, NULL, 6, 89, 2),
(618, NULL, 2, 89, 3),
(619, NULL, 4, 89, 4),
(620, NULL, 4, 89, 5),
(621, NULL, 5, 89, 6),
(622, NULL, 4, 89, 7),
(623, NULL, 3, 89, 8),
(624, NULL, 4, 89, 9),
(625, NULL, 4, 89, 10),
(626, NULL, 3, 89, 11),
(627, NULL, 4, 90, 1),
(628, NULL, 5, 90, 2),
(629, NULL, 3, 90, 3),
(630, NULL, 5, 90, 4),
(631, NULL, 5, 90, 5),
(632, NULL, 4, 90, 6),
(633, NULL, 4, 90, 7),
(634, NULL, 3, 90, 8),
(635, NULL, 3, 90, 9),
(636, NULL, 4, 90, 10),
(637, NULL, 3, 90, 11),
(638, NULL, 4, 91, 1),
(639, NULL, 5, 91, 2),
(640, NULL, 3, 91, 3),
(641, NULL, 4, 91, 4),
(642, NULL, 5, 91, 5),
(643, NULL, 5, 91, 6),
(644, NULL, 4, 91, 7),
(645, NULL, 3, 91, 8),
(646, NULL, 3, 91, 9),
(647, NULL, 4, 91, 10),
(648, NULL, 4, 91, 11),
(649, NULL, 4, 92, 1),
(650, NULL, 6, 92, 2),
(651, NULL, 3, 92, 3),
(652, NULL, 3, 92, 4),
(653, NULL, 4, 92, 5),
(654, NULL, 5, 92, 6),
(655, NULL, 3, 92, 7),
(656, NULL, 4, 92, 8),
(657, NULL, 4, 92, 9),
(658, NULL, 3, 92, 10),
(659, NULL, 3, 92, 11),
(660, NULL, 3, 93, 1),
(661, NULL, 4, 93, 2),
(662, NULL, 3, 93, 3),
(663, NULL, 3, 93, 4),
(664, NULL, 4, 93, 5),
(665, NULL, 5, 93, 6),
(666, NULL, 3, 93, 7),
(667, NULL, 2, 93, 8),
(668, NULL, 4, 93, 9),
(669, NULL, 3, 93, 10),
(670, NULL, 3, 93, 11),
(671, NULL, 3, 93, 12),
(672, NULL, 4, 94, 1),
(673, NULL, 5, 94, 2),
(674, NULL, 3, 94, 3),
(675, NULL, 3, 94, 4),
(676, NULL, 5, 94, 5),
(677, NULL, 4, 94, 6),
(678, NULL, 2, 94, 7),
(679, NULL, 2, 94, 8),
(680, NULL, 3, 94, 9),
(681, NULL, 3, 94, 10),
(682, NULL, 3, 94, 11),
(683, NULL, 2, 94, 12),
(684, NULL, 3, 95, 1),
(685, NULL, 4, 95, 2),
(686, NULL, 3, 95, 3),
(687, NULL, 4, 95, 4),
(688, NULL, 3, 95, 5),
(689, NULL, 6, 95, 6),
(690, NULL, 4, 95, 7),
(691, NULL, 3, 95, 8),
(692, NULL, 3, 95, 9),
(693, NULL, 4, 95, 10),
(694, NULL, 3, 95, 11),
(695, NULL, 2, 95, 12),
(696, NULL, 3, 96, 1),
(697, NULL, 4, 96, 2),
(698, NULL, 3, 96, 3),
(699, NULL, 3, 96, 4),
(700, NULL, 3, 96, 5),
(701, NULL, 5, 96, 6),
(702, NULL, 3, 96, 7),
(703, NULL, 3, 96, 8),
(704, NULL, 4, 96, 9),
(705, NULL, 3, 96, 10),
(706, NULL, 4, 96, 11),
(707, NULL, 3, 96, 12),
(708, NULL, 4, 97, 1),
(709, NULL, 4, 97, 2),
(710, NULL, 3, 97, 3),
(711, NULL, 4, 97, 4),
(712, NULL, 4, 97, 5),
(713, NULL, 4, 97, 6),
(714, NULL, 3, 97, 7),
(715, NULL, 4, 97, 8),
(716, NULL, 4, 97, 9),
(717, NULL, 3, 97, 10),
(718, NULL, 3, 97, 11),
(719, NULL, 2, 97, 12),
(720, NULL, 4, 98, 1),
(721, NULL, 4, 98, 2),
(722, NULL, 3, 98, 3),
(723, NULL, 4, 98, 4),
(724, NULL, 3, 98, 5),
(725, NULL, 4, 98, 6),
(726, NULL, 3, 98, 7),
(727, NULL, 3, 98, 8),
(728, NULL, 3, 98, 9),
(729, NULL, 3, 98, 10),
(730, NULL, 3, 98, 11),
(731, NULL, 2, 98, 12),
(732, NULL, 4, 99, 1),
(733, NULL, 3, 99, 2),
(734, NULL, 3, 99, 3),
(735, NULL, 3, 99, 4),
(736, NULL, 4, 99, 5),
(737, NULL, 5, 99, 6),
(738, NULL, 4, 100, 1),
(739, NULL, 4, 100, 2),
(740, NULL, 3, 100, 3),
(741, NULL, 3, 100, 4),
(742, NULL, 4, 100, 5),
(743, NULL, 5, 100, 6),
(744, NULL, 3, 100, 7),
(745, NULL, 3, 100, 8),
(746, NULL, 3, 100, 9),
(747, NULL, 3, 100, 10),
(748, NULL, 3, 100, 11),
(749, NULL, 3, 100, 12),
(750, NULL, 4, 101, 1),
(751, NULL, 5, 101, 2),
(752, NULL, 3, 101, 3),
(753, NULL, 4, 101, 4),
(754, NULL, 4, 101, 5),
(755, NULL, 5, 101, 6),
(756, NULL, 2, 101, 7),
(757, NULL, 2, 101, 8),
(758, NULL, 3, 101, 9),
(759, NULL, 3, 101, 10),
(760, NULL, 3, 101, 11),
(761, NULL, 3, 101, 12),
(762, NULL, 4, 102, 1),
(763, NULL, 5, 102, 2),
(764, NULL, 2, 102, 3),
(765, NULL, 3, 102, 4),
(766, NULL, 3, 102, 5),
(767, NULL, 6, 102, 6),
(768, NULL, 4, 102, 7),
(769, NULL, 4, 102, 8),
(770, NULL, 4, 102, 9),
(771, NULL, 3, 102, 10),
(772, NULL, 4, 102, 11),
(773, NULL, 3, 102, 12),
(774, NULL, 5, 103, 1),
(775, NULL, 4, 103, 2),
(776, NULL, 4, 103, 3),
(777, NULL, 4, 103, 4),
(778, NULL, 3, 103, 5),
(779, NULL, 5, 103, 6),
(780, NULL, 4, 103, 7),
(781, NULL, 3, 103, 8),
(782, NULL, 4, 103, 9),
(783, NULL, 3, 103, 10),
(784, NULL, 3, 103, 11),
(785, NULL, 3, 103, 12),
(786, NULL, 5, 104, 1),
(787, NULL, 5, 104, 2),
(788, NULL, 3, 104, 3),
(789, NULL, 5, 104, 4),
(790, NULL, 4, 104, 5),
(791, NULL, 7, 104, 6),
(792, NULL, 4, 104, 7),
(793, NULL, 3, 104, 8),
(794, NULL, 3, 104, 9),
(795, NULL, 4, 104, 10),
(796, NULL, 3, 104, 11),
(797, NULL, 3, 104, 12),
(798, NULL, 3, 105, 1),
(799, NULL, 5, 105, 2),
(800, NULL, 3, 105, 3),
(801, NULL, 3, 105, 4),
(802, NULL, 4, 105, 5),
(803, NULL, 5, 105, 6),
(804, NULL, 4, 105, 7),
(805, NULL, 3, 105, 8),
(806, NULL, 3, 105, 9),
(807, NULL, 4, 105, 10),
(808, NULL, 3, 105, 11),
(809, NULL, 3, 105, 12),
(810, NULL, 4, 106, 1),
(811, NULL, 4, 106, 2),
(812, NULL, 3, 106, 3),
(813, NULL, 3, 106, 4),
(814, NULL, 4, 106, 5),
(815, NULL, 6, 106, 6),
(816, NULL, 4, 107, 1),
(817, NULL, 6, 107, 2),
(818, NULL, 3, 107, 3),
(819, NULL, 3, 107, 4),
(820, NULL, 3, 107, 5),
(821, NULL, 4, 107, 6),
(822, NULL, 3, 107, 7),
(823, NULL, 3, 107, 8),
(824, NULL, 3, 107, 9),
(825, NULL, 4, 107, 10),
(826, NULL, 3, 107, 11),
(827, NULL, 3, 107, 12),
(828, NULL, 4, 108, 1),
(829, NULL, 4, 108, 2),
(830, NULL, 3, 108, 3),
(831, NULL, 6, 108, 4),
(832, NULL, 3, 108, 5),
(833, NULL, 4, 108, 6),
(834, NULL, 3, 108, 7),
(835, NULL, 4, 108, 8),
(836, NULL, 3, 108, 9),
(837, NULL, 3, 108, 10),
(838, NULL, 3, 108, 11),
(839, NULL, 3, 108, 12),
(840, NULL, 4, 109, 1),
(841, NULL, 6, 109, 2),
(842, NULL, 3, 109, 3),
(843, NULL, 4, 109, 4),
(844, NULL, 4, 109, 5),
(845, NULL, 5, 109, 6),
(846, NULL, 5, 109, 7),
(847, NULL, 3, 109, 8),
(848, NULL, 3, 109, 9),
(849, NULL, 3, 109, 10),
(850, NULL, 5, 109, 11),
(851, NULL, 3, 109, 12),
(852, NULL, 5, 110, 1),
(853, NULL, 4, 110, 2),
(854, NULL, 3, 110, 3),
(855, NULL, 4, 110, 4),
(856, NULL, 4, 110, 5),
(857, NULL, 5, 110, 6),
(858, NULL, 4, 110, 7),
(859, NULL, 4, 110, 8),
(860, NULL, 4, 110, 9),
(861, NULL, 3, 110, 10),
(862, NULL, 4, 110, 11),
(863, NULL, 3, 110, 12),
(864, NULL, 4, 111, 1),
(865, NULL, 6, 111, 2),
(866, NULL, 4, 111, 3),
(867, NULL, 4, 111, 4),
(868, NULL, 4, 111, 5),
(869, NULL, 4, 111, 6),
(870, NULL, 3, 111, 7),
(871, NULL, 4, 111, 8),
(872, NULL, 4, 111, 9),
(873, NULL, 3, 111, 10),
(874, NULL, 4, 111, 11),
(875, NULL, 3, 111, 12),
(876, NULL, 5, 112, 1),
(877, NULL, 5, 112, 2),
(878, NULL, 2, 112, 3),
(879, NULL, 4, 112, 4),
(880, NULL, 5, 112, 5),
(881, NULL, 5, 112, 6),
(882, NULL, 4, 112, 7),
(883, NULL, 2, 112, 8),
(884, NULL, 3, 112, 9),
(885, NULL, 3, 112, 10),
(886, NULL, 3, 112, 11),
(887, NULL, 4, 112, 12),
(888, NULL, 3, 113, 1),
(889, NULL, 5, 113, 2),
(890, NULL, 3, 113, 3),
(891, NULL, 4, 113, 4),
(892, NULL, 4, 113, 5),
(893, NULL, 5, 113, 6),
(894, NULL, 5, 114, 1),
(895, NULL, 5, 114, 2),
(896, NULL, 2, 114, 3),
(897, NULL, 4, 114, 4),
(898, NULL, 5, 114, 5),
(899, NULL, 4, 114, 6),
(900, NULL, 4, 114, 7),
(901, NULL, 3, 114, 8),
(902, NULL, 3, 114, 9),
(903, NULL, 3, 114, 10),
(904, NULL, 3, 114, 11),
(905, NULL, 3, 114, 12),
(906, NULL, 4, 115, 1),
(907, NULL, 5, 115, 2),
(908, NULL, 3, 115, 3),
(909, NULL, 4, 115, 4),
(910, NULL, 3, 115, 5),
(911, NULL, 5, 115, 6),
(912, NULL, 4, 115, 7),
(913, NULL, 3, 115, 8),
(914, NULL, 4, 115, 9),
(915, NULL, 3, 115, 10),
(916, NULL, 5, 115, 11),
(917, NULL, 2, 115, 12),
(918, NULL, 4, 116, 1),
(919, NULL, 4, 116, 2),
(920, NULL, 3, 116, 3),
(921, NULL, 5, 116, 4),
(922, NULL, 5, 116, 5),
(923, NULL, 6, 116, 6),
(924, NULL, 3, 116, 7),
(925, NULL, 3, 116, 8),
(926, NULL, 4, 116, 9),
(927, NULL, 5, 116, 10),
(928, NULL, 4, 116, 11),
(929, NULL, 3, 116, 12),
(930, NULL, 6, 117, 1),
(931, NULL, 6, 117, 2),
(932, NULL, 2, 117, 3),
(933, NULL, 5, 117, 4),
(934, NULL, 4, 117, 5),
(935, NULL, 5, 117, 6),
(936, NULL, 3, 117, 7),
(937, NULL, 4, 117, 8),
(938, NULL, 4, 117, 9),
(939, NULL, 5, 117, 10),
(940, NULL, 4, 117, 11),
(941, NULL, 3, 117, 12),
(942, NULL, 4, 118, 1),
(943, NULL, 5, 118, 2),
(944, NULL, 3, 118, 3),
(945, NULL, 4, 118, 4),
(946, NULL, 4, 118, 5),
(947, NULL, 6, 118, 6),
(948, NULL, 3, 118, 7),
(949, NULL, 5, 118, 8),
(950, NULL, 4, 118, 9),
(951, NULL, 3, 118, 10),
(952, NULL, 4, 118, 11),
(953, NULL, 3, 118, 12),
(954, NULL, 3, 119, 1),
(955, NULL, 6, 119, 2),
(956, NULL, 4, 119, 3),
(957, NULL, 4, 119, 4),
(958, NULL, 4, 119, 5),
(959, NULL, 5, 119, 6),
(960, NULL, 4, 119, 7),
(961, NULL, 4, 119, 8),
(962, NULL, 4, 119, 9),
(963, NULL, 3, 119, 10),
(964, NULL, 4, 119, 11),
(965, NULL, 3, 119, 12),
(966, NULL, 4, 120, 1),
(967, NULL, 6, 120, 2),
(968, NULL, 3, 120, 3),
(969, NULL, 4, 120, 4),
(970, NULL, 6, 120, 5),
(971, NULL, 5, 120, 6),
(972, NULL, 4, 121, 1),
(973, NULL, 6, 121, 2),
(974, NULL, 3, 121, 3),
(975, NULL, 5, 121, 4),
(976, NULL, 5, 121, 5),
(977, NULL, 6, 121, 6),
(978, NULL, 3, 121, 7),
(979, NULL, 4, 121, 8),
(980, NULL, 4, 121, 9),
(981, NULL, 4, 121, 10),
(982, NULL, 4, 121, 11),
(983, NULL, 3, 121, 12),
(984, NULL, 4, 122, 1),
(985, NULL, 6, 122, 2),
(986, NULL, 3, 122, 3),
(987, NULL, 4, 122, 4),
(988, NULL, 4, 122, 5),
(989, NULL, 5, 122, 6),
(990, NULL, 3, 122, 7),
(991, NULL, 4, 122, 8),
(992, NULL, 4, 122, 9),
(993, NULL, 3, 122, 10),
(994, NULL, 3, 122, 11),
(995, NULL, 3, 122, 12),
(996, NULL, 3, 123, 1),
(997, NULL, 6, 123, 2),
(998, NULL, 4, 123, 3),
(999, NULL, 4, 123, 4),
(1000, NULL, 5, 123, 5),
(1001, NULL, 6, 123, 6),
(1002, NULL, 4, 123, 7),
(1003, NULL, 5, 123, 8),
(1004, NULL, 3, 123, 9),
(1005, NULL, 4, 123, 10),
(1006, NULL, 4, 123, 11),
(1007, NULL, 3, 123, 12),
(1008, NULL, 3, 124, 1),
(1009, NULL, 7, 124, 2),
(1010, NULL, 3, 124, 3),
(1011, NULL, 3, 124, 4),
(1012, NULL, 4, 124, 5),
(1013, NULL, 6, 124, 6),
(1014, NULL, 4, 124, 7),
(1015, NULL, 3, 124, 8),
(1016, NULL, 5, 124, 9),
(1017, NULL, 4, 124, 10),
(1018, NULL, 3, 124, 11),
(1019, NULL, 4, 124, 12),
(1020, NULL, 5, 125, 1),
(1021, NULL, 5, 125, 2),
(1022, NULL, 3, 125, 3),
(1023, NULL, 4, 125, 4),
(1024, NULL, 4, 125, 5),
(1025, NULL, 6, 125, 6),
(1026, NULL, 3, 125, 7),
(1027, NULL, 3, 125, 8),
(1028, NULL, 3, 125, 9),
(1029, NULL, 4, 125, 10),
(1030, NULL, 3, 125, 11),
(1031, NULL, 3, 125, 12),
(1032, NULL, 4, 126, 1),
(1033, NULL, 5, 126, 2),
(1034, NULL, 4, 126, 3),
(1035, NULL, 5, 126, 4),
(1036, NULL, 4, 126, 5),
(1037, NULL, 6, 126, 6),
(1038, NULL, 4, 126, 7),
(1039, NULL, 2, 126, 8),
(1040, NULL, 6, 126, 9),
(1041, NULL, 3, 126, 10),
(1042, NULL, 4, 126, 11),
(1043, NULL, 3, 126, 12),
(1044, NULL, 4, 127, 1),
(1045, NULL, 8, 127, 2),
(1046, NULL, 3, 127, 3),
(1047, NULL, 4, 127, 4),
(1048, NULL, 6, 127, 5),
(1049, NULL, 6, 127, 6),
(1050, NULL, 4, 127, 7),
(1051, NULL, 4, 127, 8),
(1052, NULL, 3, 127, 9),
(1053, NULL, 4, 127, 10),
(1054, NULL, 5, 127, 11),
(1055, NULL, 3, 127, 12),
(1056, NULL, 4, 128, 1),
(1057, NULL, 5, 128, 2),
(1058, NULL, 3, 128, 3),
(1059, NULL, 3, 128, 4),
(1060, NULL, 4, 128, 5),
(1061, NULL, 6, 128, 6),
(1062, NULL, 4, 128, 7),
(1063, NULL, 4, 128, 8),
(1064, NULL, 3, 128, 9),
(1065, NULL, 4, 128, 10),
(1066, NULL, 5, 128, 11),
(1067, NULL, 4, 128, 12),
(1068, NULL, 5, 129, 1),
(1069, NULL, 4, 129, 2),
(1070, NULL, 4, 129, 3),
(1071, NULL, 7, 129, 4),
(1072, NULL, 3, 129, 5),
(1073, NULL, 4, 129, 6),
(1074, NULL, 5, 129, 7),
(1075, NULL, 7, 129, 8),
(1076, NULL, 4, 129, 9),
(1077, NULL, 3, 129, 10),
(1078, NULL, 5, 129, 11),
(1079, NULL, 4, 129, 12),
(1080, NULL, 6, 130, 1),
(1081, NULL, 6, 130, 2),
(1082, NULL, 3, 130, 3),
(1083, NULL, 4, 130, 4),
(1084, NULL, 5, 130, 5),
(1085, NULL, 8, 130, 6),
(1086, NULL, 5, 130, 7),
(1087, NULL, 4, 130, 8),
(1088, NULL, 5, 130, 9),
(1089, NULL, 4, 130, 10),
(1090, NULL, 4, 130, 11),
(1091, NULL, 4, 130, 12),
(1092, NULL, 4, 131, 1),
(1093, NULL, 7, 131, 2),
(1094, NULL, 4, 131, 3),
(1095, NULL, 4, 131, 4),
(1096, NULL, 5, 131, 5),
(1097, NULL, 5, 131, 6),
(1098, NULL, 4, 131, 7),
(1099, NULL, 5, 131, 8),
(1100, NULL, 5, 131, 9),
(1101, NULL, 4, 131, 10),
(1102, NULL, 4, 131, 11),
(1103, NULL, 3, 131, 12),
(1104, NULL, 4, 132, 1),
(1105, NULL, 6, 132, 2),
(1106, NULL, 3, 132, 3),
(1107, NULL, 5, 132, 4),
(1108, NULL, 5, 132, 5),
(1109, NULL, 8, 132, 6),
(1110, NULL, 4, 132, 7),
(1111, NULL, 3, 132, 8),
(1112, NULL, 4, 132, 9),
(1113, NULL, 3, 132, 10),
(1114, NULL, 4, 132, 11),
(1115, NULL, 3, 132, 12),
(1116, NULL, 4, 133, 1),
(1117, NULL, 6, 133, 2),
(1118, NULL, 2, 133, 3),
(1119, NULL, 4, 133, 4),
(1120, NULL, 4, 133, 5),
(1121, NULL, 5, 133, 6),
(1122, NULL, 4, 133, 7),
(1123, NULL, 3, 133, 8),
(1124, NULL, 4, 133, 9),
(1125, NULL, 4, 133, 10),
(1126, NULL, 3, 133, 11),
(1127, NULL, 3, 133, 12),
(1128, NULL, 4, 134, 1),
(1129, NULL, 5, 134, 2),
(1130, NULL, 3, 134, 3),
(1131, NULL, 5, 134, 4),
(1132, NULL, 5, 134, 5),
(1133, NULL, 4, 134, 6),
(1134, NULL, 4, 134, 7),
(1135, NULL, 3, 134, 8),
(1136, NULL, 3, 134, 9),
(1137, NULL, 4, 134, 10),
(1138, NULL, 3, 134, 11),
(1139, NULL, 3, 134, 12),
(1140, NULL, 4, 135, 1),
(1141, NULL, 5, 135, 2),
(1142, NULL, 3, 135, 3),
(1143, NULL, 4, 135, 4),
(1144, NULL, 5, 135, 5),
(1145, NULL, 5, 135, 6),
(1146, NULL, 4, 135, 7),
(1147, NULL, 3, 135, 8),
(1148, NULL, 3, 135, 9),
(1149, NULL, 4, 135, 10),
(1150, NULL, 4, 135, 11),
(1151, NULL, 4, 135, 12),
(1152, NULL, 4, 136, 1),
(1153, NULL, 6, 136, 2),
(1154, NULL, 3, 136, 3),
(1155, NULL, 3, 136, 4),
(1156, NULL, 4, 136, 5),
(1157, NULL, 5, 136, 6),
(1158, NULL, 3, 136, 7),
(1159, NULL, 4, 136, 8),
(1160, NULL, 4, 136, 9),
(1161, NULL, 3, 136, 10),
(1162, NULL, 3, 136, 11),
(1163, NULL, 3, 136, 12);

-- --------------------------------------------------------

-- 
-- Table structure for table `statistics_categories`
-- 

DROP TABLE IF EXISTS `statistics_categories`;
CREATE TABLE `statistics_categories` (
  `category_id` int(11) NOT NULL auto_increment,
  `category` varchar(45) collate utf8_slovak_ci default NULL,
  PRIMARY KEY  (`category_id`)
) ENGINE=InnoDB AUTO_INCREMENT=7 DEFAULT CHARSET=utf8 COLLATE=utf8_slovak_ci AUTO_INCREMENT=7 ;

-- 
-- Dumping data for table `statistics_categories`
-- 

INSERT INTO `statistics_categories` (`category_id`, `category`) VALUES (1, 'OPEN Junior'),
(2, 'WOMEN Junior'),
(3, 'OPEN Master'),
(4, 'WOMEN Master'),
(5, 'OPEN'),
(6, 'WOMEN');

-- --------------------------------------------------------

-- 
-- Table structure for table `statistics_ci_sessions`
-- 

DROP TABLE IF EXISTS `statistics_ci_sessions`;
CREATE TABLE `statistics_ci_sessions` (
  `session_id` varchar(40) collate utf8_bin NOT NULL default '0',
  `ip_address` varchar(16) collate utf8_bin NOT NULL default '0',
  `user_agent` varchar(150) collate utf8_bin NOT NULL,
  `last_activity` int(10) unsigned NOT NULL default '0',
  `user_data` text collate utf8_bin NOT NULL,
  PRIMARY KEY  (`session_id`)
) ENGINE=InnoDB DEFAULT CHARSET=utf8 COLLATE=utf8_bin;

-- 
-- Dumping data for table `statistics_ci_sessions`
-- 

INSERT INTO `statistics_ci_sessions` (`session_id`, `ip_address`, `user_agent`, `last_activity`, `user_data`) VALUES (0x3338336361623865376365346134373831306231356266373763663130336333, 0x36322e3136392e3138392e3730, 0x4d6f7a696c6c612f352e30202857696e646f7773204e5420362e313b20574f5736343b2072763a32362e3029204765636b6f2f32303130303130312046697265666f782f32362e30, 1389449152, 0x613a31393a7b733a393a22757365725f64617461223b733a303a22223b733a373a22757365725f6964223b733a323a223433223b733a383a22757365726e616d65223b733a303a22223b733a363a22737461747573223b733a313a2231223b733a323a226964223b733a323a223433223b733a373a22636f756e747279223b4e3b733a373a2277656273697465223b4e3b733a31303a2266697273745f6e616d65223b733a353a226a6f68616e223b733a393a226c6173745f6e616d65223b733a353a226a6f68616e223b733a31303a2262697274685f64617465223b733a31303a22323031342d30312d3031223b733a353a2270686f746f223b733a31313a2264656661756c742e706e67223b733a353a227468756d62223b733a31373a2264656661756c742d7468756d622e706e67223b733a363a2267656e646572223b733a343a224d616c65223b733a343a22636c7562223b733a343a2231323334223b733a353a2261626f7574223b4e3b733a31303a22796561725f73636f7265223b733a313a2230223b733a31383a22736c6f76616b5f6368616d705f73636f7265223b4e3b733a353a22656d61696c223b733a31343a226a6f68616e406a6f68616e2e736b223b733a343a22726f6c65223b733a343a2275736572223b7d),
(0x3833343666643665373964323030623536346562376537376234633430386163, 0x36322e3136392e3138392e3730, 0x4d6f7a696c6c612f352e30202857696e646f7773204e5420362e313b20574f57363429204170706c655765624b69742f3533372e333620284b48544d4c2c206c696b65204765636b6f29204368726f6d652f33322e302e313730302e3732205361666172692f3533372e3336, 1389452769, 0x613a31393a7b733a393a22757365725f64617461223b733a303a22223b733a373a22757365725f6964223b733a323a223132223b733a383a22757365726e616d65223b733a303a22223b733a363a22737461747573223b733a313a2231223b733a323a226964223b733a323a223132223b733a373a22636f756e747279223b4e3b733a373a2277656273697465223b4e3b733a31303a2266697273745f6e616d65223b733a353a2241646d696e223b733a393a226c6173745f6e616d65223b733a353a2261646d696e223b733a31303a2262697274685f64617465223b733a31303a22313938312d30352d3035223b733a353a2270686f746f223b733a33363a2264653233396330303866643935616666326437383537633562363337343438332e706e67223b733a353a227468756d62223b733a34323a2264653233396330303866643935616666326437383537633562363337343438335f7468756d622e706e67223b733a363a2267656e646572223b733a343a224d616c65223b733a343a22636c7562223b4e3b733a353a2261626f7574223b4e3b733a31303a22796561725f73636f7265223b733a313a2230223b733a31383a22736c6f76616b5f6368616d705f73636f7265223b4e3b733a353a22656d61696c223b733a31343a2261646d696e4061646d696e2e736b223b733a343a22726f6c65223b733a353a2261646d696e223b7d),
(0x6564633264316431663438666166616136633038363232643562366537623032, 0x36322e3136392e3138392e3730, 0x4d6f7a696c6c612f352e30202857696e646f7773204e5420362e313b20574f5736343b2072763a32362e3029204765636b6f2f32303130303130312046697265666f782f32362e30, 1389449152, 0x613a32303a7b733a393a22757365725f64617461223b733a303a22223b733a373a22757365725f6964223b733a323a223433223b733a383a22757365726e616d65223b733a303a22223b733a363a22737461747573223b733a313a2231223b733a323a226964223b733a323a223433223b733a373a22636f756e747279223b4e3b733a373a2277656273697465223b4e3b733a31303a2266697273745f6e616d65223b733a353a226a6f68616e223b733a393a226c6173745f6e616d65223b733a353a226a6f68616e223b733a31303a2262697274685f64617465223b733a31303a22323031342d30312d3031223b733a353a2270686f746f223b733a31313a2264656661756c742e706e67223b733a353a227468756d62223b733a31373a2264656661756c742d7468756d622e706e67223b733a363a2267656e646572223b733a343a224d616c65223b733a343a22636c7562223b733a343a2231323334223b733a353a2261626f7574223b4e3b733a31303a22796561725f73636f7265223b733a313a2230223b733a31383a22736c6f76616b5f6368616d705f73636f7265223b4e3b733a353a22656d61696c223b733a31343a226a6f68616e406a6f68616e2e736b223b733a343a22726f6c65223b733a343a2275736572223b733a31373a22666c6173683a6f6c643a6d657373616765223b733a38363a223c7020636c6173733d2273756363657373223e596f752061726520726567697374657220696e20746f75726e616d656e742032303134204275646d6572696365204f50454e2028323031342d30342d3035293c2f703e223b7d);

-- --------------------------------------------------------

-- 
-- Table structure for table `statistics_lap`
-- 

DROP TABLE IF EXISTS `statistics_lap`;
CREATE TABLE `statistics_lap` (
  `lap_id` int(11) NOT NULL auto_increment,
  `number` int(11) default NULL,
  `tournament_id` int(11) NOT NULL,
  `user_id` int(11) NOT NULL,
  `final` int(11) default NULL,
  PRIMARY KEY  (`lap_id`,`tournament_id`,`user_id`),
  KEY `fk_laps_statistics_tournaments1` (`tournament_id`),
  KEY `fk_laps_statistics_user_profiles1` (`user_id`)
) ENGINE=InnoDB AUTO_INCREMENT=137 DEFAULT CHARSET=utf8 COLLATE=utf8_slovak_ci AUTO_INCREMENT=137 ;

-- 
-- Dumping data for table `statistics_lap`
-- 

INSERT INTO `statistics_lap` (`lap_id`, `number`, `tournament_id`, `user_id`, `final`) VALUES (1, 1, 1, 12, NULL),
(2, 2, 1, 12, NULL),
(3, 1, 1, 12, 1),
(4, 2, 2, 12, NULL),
(5, 1, 2, 12, NULL),
(6, 1, 2, 12, 1),
(7, 1, 1, 13, NULL),
(8, 2, 1, 13, NULL),
(9, 1, 1, 13, 1),
(10, 1, 1, 14, NULL),
(11, 2, 1, 14, NULL),
(12, 1, 1, 14, 1),
(13, 1, 12, 20, 0),
(14, 2, 12, 20, 0),
(15, 3, 12, 20, 0),
(16, 1, 12, 20, 1),
(17, 2, 12, 20, 1),
(18, 1, 12, 21, 0),
(19, 2, 12, 21, 0),
(20, 1, 12, 22, 0),
(21, 2, 12, 22, 0),
(22, 3, 12, 22, 0),
(23, 1, 12, 22, 1),
(24, 2, 12, 22, 1),
(25, 1, 12, 23, 0),
(26, 2, 12, 23, 0),
(27, 3, 12, 23, 0),
(28, 1, 12, 23, 1),
(29, 2, 12, 23, 1),
(30, 1, 12, 24, 0),
(31, 2, 12, 24, 0),
(32, 1, 12, 25, 0),
(33, 2, 12, 25, 0),
(34, 3, 12, 25, 0),
(35, 1, 12, 25, 1),
(36, 2, 12, 25, 1),
(37, 1, 13, 26, 0),
(38, 2, 13, 26, 0),
(39, 3, 13, 26, 0),
(40, 1, 13, 26, 1),
(41, 2, 13, 26, 1),
(44, 1, 13, 28, 0),
(45, 2, 13, 28, 0),
(46, 3, 13, 28, 0),
(47, 1, 13, 28, 1),
(48, 2, 13, 28, 1),
(56, 1, 10, 30, 0),
(57, 2, 10, 30, 0),
(58, 3, 10, 30, 0),
(59, 4, 10, 30, 0),
(60, 5, 10, 30, 0),
(61, 6, 10, 30, 0),
(62, 1, 10, 30, 1),
(63, 1, 10, 31, 0),
(64, 2, 10, 31, 0),
(65, 3, 10, 31, 0),
(66, 4, 10, 31, 0),
(67, 5, 10, 31, 0),
(68, 6, 10, 31, 0),
(69, 1, 10, 31, 1),
(70, 1, 10, 32, 0),
(71, 2, 10, 32, 0),
(72, 3, 10, 32, 0),
(73, 4, 10, 32, 0),
(74, 5, 10, 32, 0),
(75, 6, 10, 32, 0),
(76, 1, 10, 32, 1),
(77, 1, 10, 33, 0),
(78, 2, 10, 33, 0),
(79, 3, 10, 33, 0),
(80, 4, 10, 33, 0),
(81, 5, 10, 33, 0),
(82, 6, 10, 33, 0),
(83, 1, 10, 34, 0),
(84, 2, 10, 34, 0),
(85, 3, 10, 34, 0),
(86, 4, 10, 34, 0),
(87, 5, 10, 34, 0),
(88, 6, 10, 34, 0),
(89, 1, 10, 35, 0),
(90, 2, 10, 35, 0),
(91, 3, 10, 35, 0),
(92, 4, 10, 35, 0),
(93, 1, 14, 36, 0),
(94, 2, 14, 36, 0),
(95, 3, 14, 36, 0),
(96, 4, 14, 36, 0),
(97, 5, 14, 36, 0),
(98, 6, 14, 36, 0),
(99, 1, 14, 36, 1),
(100, 1, 14, 37, 0),
(101, 2, 14, 37, 0),
(102, 3, 14, 37, 0),
(103, 4, 14, 37, 0),
(104, 5, 14, 37, 0),
(105, 6, 14, 37, 0),
(106, 1, 14, 37, 1),
(107, 1, 14, 38, 0),
(108, 2, 14, 38, 0),
(109, 3, 14, 38, 0),
(110, 4, 14, 38, 0),
(111, 5, 14, 38, 0),
(112, 6, 14, 38, 0),
(113, 1, 14, 38, 1),
(114, 1, 14, 39, 0),
(115, 2, 14, 39, 0),
(116, 3, 14, 39, 0),
(117, 4, 14, 39, 0),
(118, 5, 14, 39, 0),
(119, 6, 14, 39, 0),
(120, 1, 14, 39, 1),
(121, 1, 14, 40, 0),
(122, 2, 14, 40, 0),
(123, 3, 14, 40, 0),
(124, 4, 14, 40, 0),
(125, 5, 14, 40, 0),
(126, 6, 14, 40, 0),
(127, 1, 14, 41, 0),
(128, 2, 14, 41, 0),
(129, 3, 14, 41, 0),
(130, 4, 14, 41, 0),
(131, 5, 14, 41, 0),
(132, 6, 14, 41, 0),
(133, 1, 14, 42, 0),
(134, 2, 14, 42, 0),
(135, 3, 14, 42, 0),
(136, 4, 14, 42, 0);

-- --------------------------------------------------------

-- 
-- Table structure for table `statistics_login_attempts`
-- 

DROP TABLE IF EXISTS `statistics_login_attempts`;
CREATE TABLE `statistics_login_attempts` (
  `id` int(11) NOT NULL auto_increment,
  `ip_address` varchar(40) collate utf8_bin NOT NULL,
  `login` varchar(50) collate utf8_bin NOT NULL,
  `time` timestamp NOT NULL default CURRENT_TIMESTAMP on update CURRENT_TIMESTAMP,
  PRIMARY KEY  (`id`)
) ENGINE=InnoDB DEFAULT CHARSET=utf8 COLLATE=utf8_bin AUTO_INCREMENT=1 ;

-- 
-- Dumping data for table `statistics_login_attempts`
-- 


-- --------------------------------------------------------

-- 
-- Table structure for table `statistics_number_of_baskets`
-- 

DROP TABLE IF EXISTS `statistics_number_of_baskets`;
CREATE TABLE `statistics_number_of_baskets` (
  `id` int(11) NOT NULL auto_increment,
  `result_id` int(11) NOT NULL,
  `no_bskts_1` int(11) default NULL,
  `no_bskts_2` int(11) default NULL,
  `no_bskts_3` int(11) default NULL,
  `no_bskts_4` int(11) default NULL,
  `no_bskts_5` int(11) default NULL,
  `no_bskts_6` int(11) default NULL,
  `no_bskts_7` int(11) default NULL,
  `no_bskts_8` int(11) default NULL,
  `no_bskts_9` int(11) default NULL,
  `no_bskts_10` int(11) default NULL,
  `no_final_1` int(11) default NULL,
  `no_final_2` int(11) default NULL,
  `no_final_3` int(11) default NULL,
  PRIMARY KEY  (`id`),
  KEY `fk_number_of_baskets_results1` (`result_id`)
) ENGINE=InnoDB AUTO_INCREMENT=28 DEFAULT CHARSET=utf8 COLLATE=utf8_slovak_ci AUTO_INCREMENT=28 ;

-- 
-- Dumping data for table `statistics_number_of_baskets`
-- 

INSERT INTO `statistics_number_of_baskets` (`id`, `result_id`, `no_bskts_1`, `no_bskts_2`, `no_bskts_3`, `no_bskts_4`, `no_bskts_5`, `no_bskts_6`, `no_bskts_7`, `no_bskts_8`, `no_bskts_9`, `no_bskts_10`, `no_final_1`, `no_final_2`, `no_final_3`) VALUES (1, 1, 5, 6, NULL, NULL, NULL, NULL, NULL, NULL, NULL, NULL, 4, NULL, NULL),
(2, 2, 10, 8, NULL, NULL, NULL, NULL, NULL, NULL, NULL, NULL, 6, NULL, NULL),
(3, 3, 5, 6, NULL, NULL, NULL, NULL, NULL, NULL, NULL, NULL, 4, NULL, NULL),
(4, 4, 5, 6, NULL, NULL, NULL, NULL, NULL, NULL, NULL, NULL, 4, NULL, NULL),
(5, 5, 4, 4, 4, NULL, NULL, NULL, NULL, NULL, NULL, NULL, 4, 4, NULL),
(6, 6, 4, 3, NULL, NULL, NULL, NULL, NULL, NULL, NULL, NULL, NULL, NULL, NULL),
(7, 7, 4, 4, 4, NULL, NULL, NULL, NULL, NULL, NULL, NULL, 4, 4, NULL),
(8, 8, 4, 4, 4, NULL, NULL, NULL, NULL, NULL, NULL, NULL, 4, 4, NULL),
(9, 9, 4, 3, NULL, NULL, NULL, NULL, NULL, NULL, NULL, NULL, NULL, NULL, NULL),
(10, 10, 4, 4, 4, NULL, NULL, NULL, NULL, NULL, NULL, NULL, 4, 4, NULL),
(11, 11, 4, 4, 4, NULL, NULL, NULL, NULL, NULL, NULL, NULL, 4, 4, NULL),
(13, 13, 4, 4, 4, NULL, NULL, NULL, NULL, NULL, NULL, NULL, 4, 4, NULL),
(15, 15, 11, 11, 11, 11, 11, 11, NULL, NULL, NULL, NULL, 6, NULL, NULL),
(16, 16, 11, 11, 11, 11, 11, 11, NULL, NULL, NULL, NULL, 6, NULL, NULL),
(17, 17, 11, 11, 11, 11, 11, 11, NULL, NULL, NULL, NULL, 6, NULL, NULL),
(18, 18, 11, 11, 11, 11, 11, 11, NULL, NULL, NULL, NULL, NULL, NULL, NULL),
(19, 19, 11, 11, 11, 11, 11, 11, NULL, NULL, NULL, NULL, NULL, NULL, NULL),
(20, 20, 11, 11, 11, 11, NULL, NULL, NULL, NULL, NULL, NULL, NULL, NULL, NULL),
(21, 21, 12, 12, 12, 12, 12, 12, NULL, NULL, NULL, NULL, 6, NULL, NULL),
(22, 22, 12, 12, 12, 12, 12, 12, NULL, NULL, NULL, NULL, 6, NULL, NULL),
(23, 23, 12, 12, 12, 12, 12, 12, NULL, NULL, NULL, NULL, 6, NULL, NULL),
(24, 24, 12, 12, 12, 12, 12, 12, NULL, NULL, NULL, NULL, 6, NULL, NULL),
(25, 25, 12, 12, 12, 12, 12, 12, NULL, NULL, NULL, NULL, NULL, NULL, NULL),
(26, 26, 12, 12, 12, 12, 12, 12, NULL, NULL, NULL, NULL, NULL, NULL, NULL),
(27, 27, 12, 12, 12, 12, NULL, NULL, NULL, NULL, NULL, NULL, NULL, NULL, NULL);

-- --------------------------------------------------------

-- 
-- Table structure for table `statistics_players_has_tournaments`
-- 

DROP TABLE IF EXISTS `statistics_players_has_tournaments`;
CREATE TABLE `statistics_players_has_tournaments` (
  `tournament_id` int(11) NOT NULL,
  `category_id` int(11) NOT NULL,
  `user_id` int(11) NOT NULL,
  `final` int(11) default NULL,
  `disqualified` int(11) default NULL,
  `score` double NOT NULL,
  PRIMARY KEY  (`tournament_id`,`user_id`),
  KEY `fk_PLAYERS_has_TOURNAMENTS_TOURNAMENTS1` (`tournament_id`),
  KEY `fk_PLAYERS_has_TOURNAMENTS_CATEGORIES1` (`category_id`),
  KEY `fk_PLAYERS_has_TOURNAMENTS_user_profiles1` (`user_id`)
) ENGINE=InnoDB DEFAULT CHARSET=utf8 COLLATE=utf8_slovak_ci;

-- 
-- Dumping data for table `statistics_players_has_tournaments`
-- 

INSERT INTO `statistics_players_has_tournaments` (`tournament_id`, `category_id`, `user_id`, `final`, `disqualified`, `score`) VALUES (1, 1, 12, 1, NULL, 130),
(1, 1, 13, 1, NULL, 65),
(1, 2, 14, 1, NULL, 130),
(2, 2, 12, 1, NULL, 100),
(10, 6, 30, 1, NULL, 100),
(10, 6, 31, 1, NULL, 66.666666666667),
(10, 6, 32, 1, NULL, 100),
(10, 6, 33, NULL, NULL, 33.333333333333),
(10, 6, 34, NULL, NULL, 50),
(10, 6, 35, NULL, 1, 0),
(12, 5, 20, 1, NULL, 100),
(12, 5, 21, NULL, 1, 0),
(12, 5, 22, 1, NULL, 75),
(12, 5, 23, 1, NULL, 100),
(12, 5, 24, NULL, 1, 0),
(12, 5, 25, 1, NULL, 75),
(13, 5, 26, 1, NULL, 100),
(13, 5, 28, 1, NULL, 50),
(14, 6, 36, 1, NULL, 100),
(14, 6, 37, 1, NULL, 75),
(14, 6, 38, 1, NULL, 50),
(14, 6, 39, 1, NULL, 100),
(14, 6, 40, NULL, NULL, 25),
(14, 6, 41, NULL, NULL, 50),
(14, 6, 42, NULL, 1, 0);

-- --------------------------------------------------------

-- 
-- Table structure for table `statistics_register_options`
-- 

DROP TABLE IF EXISTS `statistics_register_options`;
CREATE TABLE `statistics_register_options` (
  `option_id` int(11) NOT NULL auto_increment,
  `number` int(11) NOT NULL,
  `type` varchar(50) NOT NULL,
  `what` varchar(500) NOT NULL,
  `tournament_id` int(11) NOT NULL,
  PRIMARY KEY  (`option_id`)
) ENGINE=MyISAM AUTO_INCREMENT=19 DEFAULT CHARSET=utf8 AUTO_INCREMENT=19 ;

-- 
-- Dumping data for table `statistics_register_options`
-- 

INSERT INTO `statistics_register_options` (`option_id`, `number`, `type`, `what`, `tournament_id`) VALUES (1, 1, 'food', 'nope', 9),
(2, 2, 'food', 'Parky', 9),
(13, 4, 'food', 'pol kolaca', 9),
(9, 1, 'accom', 'nope', 9),
(12, 3, 'food', 'keksy', 9),
(10, 2, 'accom', 'chata', 9),
(11, 3, 'accom', 'hotel', 9),
(14, 1, 'food', 'Nic', 12),
(15, 1, 'accom', 'nic', 12),
(16, 2, 'food', 'rezen', 12),
(17, 2, 'accom', 'stan', 12),
(18, 3, 'food', 'buchty', 12);

-- --------------------------------------------------------

-- 
-- Table structure for table `statistics_registered_players`
-- 

DROP TABLE IF EXISTS `statistics_registered_players`;
CREATE TABLE `statistics_registered_players` (
  `register_player_id` int(11) NOT NULL auto_increment,
  `tournament_id` int(11) NOT NULL,
  `category_id` int(11) NOT NULL,
  `accom_id` int(1) default NULL,
  `food_id` int(1) default NULL,
  `user_id` int(11) NOT NULL,
  `position` int(11) NOT NULL,
  PRIMARY KEY  (`register_player_id`),
  KEY `fk_REGISTERED_PLAYERS_TOURNAMENTS1` (`tournament_id`),
  KEY `fk_REGISTERED_PLAYERS_CATEGORIES1` (`category_id`),
  KEY `fk_REGISTERED_PLAYERS_user_profiles1` (`user_id`)
) ENGINE=InnoDB AUTO_INCREMENT=12 DEFAULT CHARSET=utf8 COLLATE=utf8_slovak_ci AUTO_INCREMENT=12 ;

-- 
-- Dumping data for table `statistics_registered_players`
-- 

INSERT INTO `statistics_registered_players` (`register_player_id`, `tournament_id`, `category_id`, `accom_id`, `food_id`, `user_id`, `position`) VALUES (4, 12, 6, 17, 16, 12, 1),
(11, 9, 5, 9, 1, 12, 1);

-- --------------------------------------------------------

-- 
-- Table structure for table `statistics_results`
-- 

DROP TABLE IF EXISTS `statistics_results`;
CREATE TABLE `statistics_results` (
  `result_id` int(11) NOT NULL auto_increment,
  `points` int(11) default NULL,
  `lap_1` int(11) default NULL,
  `lap_2` int(11) default NULL,
  `lap_3` int(11) default NULL,
  `lap_4` int(11) default NULL,
  `lap_5` int(11) default NULL,
  `lap_6` int(11) default NULL,
  `lap_7` int(11) default NULL,
  `lap_8` int(11) default NULL,
  `lap_9` int(11) default NULL,
  `lap_10` int(11) default NULL,
  `final_1` int(11) default NULL,
  `final_2` int(11) default NULL,
  `final_3` int(11) default NULL,
  `tournament_id` int(11) NOT NULL,
  `user_id` int(11) NOT NULL,
  PRIMARY KEY  (`result_id`),
  KEY `fk_results_tournaments1` (`tournament_id`),
  KEY `fk_results_user_profiles1` (`user_id`)
) ENGINE=InnoDB AUTO_INCREMENT=28 DEFAULT CHARSET=utf8 COLLATE=utf8_slovak_ci AUTO_INCREMENT=28 ;

-- 
-- Dumping data for table `statistics_results`
-- 

INSERT INTO `statistics_results` (`result_id`, `points`, `lap_1`, `lap_2`, `lap_3`, `lap_4`, `lap_5`, `lap_6`, `lap_7`, `lap_8`, `lap_9`, `lap_10`, `final_1`, `final_2`, `final_3`, `tournament_id`, `user_id`) VALUES (1, 25, 10, 10, NULL, NULL, NULL, NULL, NULL, NULL, NULL, NULL, 5, NULL, NULL, 1, 12),
(2, 30, 12, 10, NULL, NULL, NULL, NULL, NULL, NULL, NULL, NULL, 8, NULL, NULL, 2, 12),
(3, 28, 15, 5, NULL, NULL, NULL, NULL, NULL, NULL, NULL, NULL, 8, NULL, NULL, 1, 13),
(4, 36, 18, 10, NULL, NULL, NULL, NULL, NULL, NULL, NULL, NULL, 8, NULL, NULL, 1, 14),
(5, 50, 10, 10, 10, NULL, NULL, NULL, NULL, NULL, NULL, NULL, 10, 10, NULL, 12, 20),
(6, 63, 36, 27, NULL, NULL, NULL, NULL, NULL, NULL, NULL, NULL, NULL, NULL, NULL, 12, 21),
(7, 56, 10, 10, 16, NULL, NULL, NULL, NULL, NULL, NULL, NULL, 10, 10, NULL, 12, 22),
(8, 50, 10, 10, 10, NULL, NULL, NULL, NULL, NULL, NULL, NULL, 10, 10, NULL, 12, 23),
(9, 63, 36, 27, NULL, NULL, NULL, NULL, NULL, NULL, NULL, NULL, NULL, NULL, NULL, 12, 24),
(10, 56, 10, 10, 16, NULL, NULL, NULL, NULL, NULL, NULL, NULL, 10, 10, NULL, 12, 25),
(11, 50, 10, 10, 10, NULL, NULL, NULL, NULL, NULL, NULL, NULL, 10, 10, NULL, 13, 26),
(13, 56, 10, 10, 16, NULL, NULL, NULL, NULL, NULL, NULL, NULL, 10, 10, NULL, 13, 28),
(15, 270, 38, 38, 42, 42, 46, 40, NULL, NULL, NULL, NULL, 24, NULL, NULL, 10, 30),
(16, 277, 39, 40, 45, 44, 44, 41, NULL, NULL, NULL, NULL, 24, NULL, NULL, 10, 31),
(17, 296, 41, 43, 46, 48, 45, 45, NULL, NULL, NULL, NULL, 28, NULL, NULL, 10, 32),
(18, 274, 48, 43, 48, 45, 43, 47, NULL, NULL, NULL, NULL, NULL, NULL, NULL, 10, 33),
(19, 301, 51, 45, 51, 54, 51, 49, NULL, NULL, NULL, NULL, NULL, NULL, NULL, 10, 34),
(20, 172, 43, 43, 44, 42, NULL, NULL, NULL, NULL, NULL, NULL, NULL, NULL, NULL, 10, 35),
(21, 265, 40, 39, 42, 41, 42, 39, NULL, NULL, NULL, NULL, 22, NULL, NULL, 14, 36),
(22, 288, 41, 41, 45, 45, 49, 43, NULL, NULL, NULL, NULL, 24, NULL, NULL, 14, 37),
(23, 296, 42, 43, 48, 47, 47, 45, NULL, NULL, NULL, NULL, 24, NULL, NULL, 14, 38),
(24, 313, 44, 45, 49, 51, 48, 48, NULL, NULL, NULL, NULL, 28, NULL, NULL, 14, 39),
(25, 293, 51, 46, 51, 49, 46, 50, NULL, NULL, NULL, NULL, NULL, NULL, NULL, 14, 40),
(26, 322, 54, 49, 55, 58, 54, 52, NULL, NULL, NULL, NULL, NULL, NULL, NULL, 14, 41),
(27, 185, 46, 46, 48, 45, NULL, NULL, NULL, NULL, NULL, NULL, NULL, NULL, NULL, 14, 42);

-- --------------------------------------------------------

-- 
-- Table structure for table `statistics_slovak_champ`
-- 

DROP TABLE IF EXISTS `statistics_slovak_champ`;
CREATE TABLE `statistics_slovak_champ` (
  `id_slovak_champ` int(11) NOT NULL auto_increment,
  `nmbr_accept_tourn` int(11) default NULL,
  PRIMARY KEY  (`id_slovak_champ`)
) ENGINE=InnoDB AUTO_INCREMENT=5 DEFAULT CHARSET=utf8 COLLATE=utf8_slovak_ci AUTO_INCREMENT=5 ;

-- 
-- Dumping data for table `statistics_slovak_champ`
-- 

INSERT INTO `statistics_slovak_champ` (`id_slovak_champ`, `nmbr_accept_tourn`) VALUES (4, 1);

-- --------------------------------------------------------

-- 
-- Table structure for table `statistics_tournaments`
-- 

DROP TABLE IF EXISTS `statistics_tournaments`;
CREATE TABLE `statistics_tournaments` (
  `tournament_id` int(11) NOT NULL auto_increment,
  `name` varchar(45) collate utf8_slovak_ci default NULL,
  `date` date default NULL,
  `date_to` date NOT NULL,
  `location` varchar(45) collate utf8_slovak_ci default NULL,
  `capacity` int(11) default NULL,
  `nmbr_of_round` int(11) default NULL,
  `nmbr_of_fnl_laps` int(11) default NULL,
  `about` text collate utf8_slovak_ci,
  `photo` varchar(200) collate utf8_slovak_ci default NULL,
  `thumb` varchar(200) collate utf8_slovak_ci default NULL,
  `allow_registration` int(11) default '0',
  `lat` double default NULL,
  `lng` double default NULL,
  `par` int(11) default NULL,
  `dir_name` varchar(200) collate utf8_slovak_ci default NULL,
  `dir_email` varchar(300) collate utf8_slovak_ci default NULL,
  `dir_phone` varchar(50) collate utf8_slovak_ci default NULL,
  PRIMARY KEY  (`tournament_id`)
) ENGINE=InnoDB AUTO_INCREMENT=18 DEFAULT CHARSET=utf8 COLLATE=utf8_slovak_ci AUTO_INCREMENT=18 ;

-- 
-- Dumping data for table `statistics_tournaments`
-- 

INSERT INTO `statistics_tournaments` (`tournament_id`, `name`, `date`, `date_to`, `location`, `capacity`, `nmbr_of_round`, `nmbr_of_fnl_laps`, `about`, `photo`, `thumb`, `allow_registration`, `lat`, `lng`, `par`, `dir_name`, `dir_email`, `dir_phone`) VALUES (1, 'Matfyz', '2013-12-20', '0000-00-00', 'Mlynska Dolina', NULL, 2, 1, '<h1>Lorem ipsum</h1>\n<p>dolor sit amet, consectetur adipiscing elit. Suspendisse consectetur, turpis accumsan accumsan tempor, felis tortor porttitor justo, id varius odio mauris sed quam. Suspendisse potenti. Morbi dui lectus, imperdiet at mattis ut, tempus at dolor. Aenean vitae velit mi. Proin nunc tellus, interdum quis mattis ut, sodales sit amet tortor. Ut tempor ipsum id leo malesuada congue. Integer tincidunt euismod mauris, aliquet luctus urna dapibus ut. In at orci massa. Duis volutpat elit sed nisl sagittis dapibus. Nulla posuere mauris vel dictum dignissim. Nullam congue erat dui, vel scelerisque quam porttitor vel. Morbi quis dapibus ante. Nam sed velit ac sem feugiat tristique.</p>\n<p>Integer dignissim mollis felis ac sodales. Curabitur et feugiat magna, vel tincidunt augue. Etiam rhoncus elit a dui hendrerit condimentum. Proin quis mauris lacus. Integer molestie rhoncus ipsum sit amet malesuada. Integer volutpat ipsum vitae sem sagittis sagittis. Nulla facilisi. Nulla eget elit nibh. Fusce interdum accumsan lectus, eget bibendum felis congue ut. Nullam lacinia quam a sodales tincidunt. Donec vel dui ut est lacinia tristique. Sed vulputate tempus nisl eget hendrerit. Vestibulum et arcu arcu. Pellentesque non urna sit amet risus semper egestas sit amet porttitor tortor. Quisque posuere non neque et pellentesque.</p>\n<p>Maecenas et nulla in tortor condimentum convallis. Donec aliquet lectus ligula, lacinia congue odio pulvinar vel. Suspendisse eget sapien ac est dignissim tincidunt. Mauris ut accumsan leo. Donec rhoncus, mauris vel blandit pharetra, metus lectus interdum libero, sagittis mattis nulla metus vel lacus. Aenean a volutpat elit, id vulputate tortor. Phasellus venenatis mauris sapien, id lobortis dui cursus at. Mauris varius metus id enim aliquet euismod. Pellentesque vulputate rhoncus sem sit amet aliquam. Nam convallis in enim ac ullamcorper. Integer mi urna, aliquam at tellus sit amet, facilisis ornare nunc. Phasellus ultrices odio at velit venenatis consequat. Suspendisse ante nulla, dapibus nec vestibulum eget, imperdiet vel nunc. Praesent diam est, vestibulum a nisi non, fermentum commodo lectus.</p>\n<p>Fusce eget lacus eu ipsum consequat sagittis ornare et ligula. Nulla facilisi. Praesent gravida nisi vitae tellus congue, id laoreet erat dapibus. Sed ligula tortor, varius sed nisl feugiat, aliquam sodales nisi. Donec non enim ipsum. Sed dictum ante risus, ornare fermentum dolor mattis ac. Aliquam venenatis luctus tincidunt. In adipiscing ligula eu purus eleifend, id malesuada enim blandit. Vivamus pretium quam ut mollis vehicula. Nam mi sem, molestie a nibh ac, porttitor ultrices massa. Nulla at est sollicitudin, aliquam dui a, sodales risus. Vestibulum egestas tellus et lorem aliquam rhoncus. Nam sagittis purus eleifend, consectetur velit sed, commodo turpis. Aliquam a leo ut risus tempus imperdiet fringilla eu tortor.</p>\n<p>Proin commodo venenatis elit, nec luctus magna. Quisque non vulputate enim. Aliquam venenatis mi sed neque fermentum gravida sed quis tortor. Quisque ante erat, sodales eget eros eget, tempus lacinia nunc. Aenean interdum turpis mi, in congue magna auctor at. Vivamus eu neque nisi. Suspendisse dictum molestie odio, ornare consectetur lorem volutpat vel. Phasellus posuere dignissim purus a ornare. Vestibulum vel mi eu augue ultricies commodo. Sed tellus sapien, adipiscing non pharetra non, lobortis sed lorem. Donec nec placerat purus. Vestibulum euismod turpis nec ultrices scelerisque. Vivamus porta tortor et erat facilisis tincidunt. Vivamus ornare tortor id imperdiet scelerisque. Ut vel ipsum id massa facilisis mollis blandit in nunc. In sollicitudin urna facilisis, volutpat lectus sit amet, iaculis felis.</p>', '12022542114f9bae6c6ac8a5a6ca286e.jpg', '12022542114f9bae6c6ac8a5a6ca286e_thumb.jpg', 1, 47, 18, 130, NULL, NULL, NULL),
(2, 'Discgolf Turnaj', '2013-03-08', '0000-00-00', 'Madarsko', NULL, 2, 1, '<ul>\n<li>Lorem ipsum dolor sit amet, consectetur adipiscing elit.</li>\n<li>Vivamus vitae enim scelerisque, fringilla lorem sit amet, tempor est.</li>\n</ul>\n<p>&nbsp;</p>\n<p>&nbsp;</p>\n<ul>\n<li>Nullam venenatis diam a quam cursus, sed convallis ipsum fringilla.</li>\n<li>Sed eu eros vitae ante tincidunt auctor a ac eros.</li>\n<li>Maecenas ut velit non dui consequat pellentesque.</li>\n<li>Proin eget lectus eu justo varius bibendum sed et neque.</li>\n</ul>\n<p>&nbsp;</p>\n<p>&nbsp;</p>\n<ul>\n<li>Curabitur tincidunt dui eget lectus viverra porttitor.</li>\n<li>Nam euismod risus at velit aliquam, id semper mi mollis.</li>\n<li>Nullam molestie augue eget cursus rhoncus.</li>\n<li>Ut sit amet odio eget diam pretium egestas tristique vitae lorem.</li>\n<li>Donec ut tellus venenatis, lacinia lorem in, suscipit justo.</li>\n</ul>\n<p>&nbsp;</p>\n<p>&nbsp;</p>\n<ul>\n<li>Donec suscipit lorem id luctus fermentum.</li>\n<li>Nullam nec purus et magna volutpat sodales.</li>\n<li>Integer eu orci a mauris ornare condimentum.</li>\n<li>Nunc in nisi eu tortor adipiscing consequat et id quam.</li>\n<li>Ut placerat mauris ac diam lobortis, vitae suscipit velit lacinia.</li>\n</ul>\n<p>&nbsp;</p>\n<p>&nbsp;</p>\n<ul>\n<li>Nullam et massa quis dui fringilla laoreet.</li>\n<li>Aliquam id elit a urna suscipit pharetra id suscipit lorem.</li>\n</ul>', '4f5be9e950729b92071f944754db2010.jpg', '4f5be9e950729b92071f944754db2010_thumb.jpg', 1, 49.36528, 18.257521, 100, NULL, NULL, NULL),
(3, 'Super Turnaj', '2013-12-31', '0000-00-00', 'Smolenice', NULL, 3, 2, '<p><iframe src="http://www.youtube.com/embed/l0z-QzUG_Eo" width="425" height="350"></iframe>Lorem ipsum dolor sit amet, consectetur adipiscing elit. Curabitur mauris mauris, elementum condimentum pulvinar non, interdum at magna. Maecenas pulvinar neque lectus, ac fermentum lectus fringilla sit amet. Quisque turpis diam, sollicitudin euismod enim sed, adipiscing congue nulla. Aliquam non aliquam lacus, sed aliquet nunc. Cras tellus libero, varius sodales justo at, rutrum tincidunt odio. Cras at leo tellus. Sed id hendrerit nisi. Maecenas viverra blandit tortor in accumsan. Integer consectetur odio quis consectetur fermentum. Class aptent taciti sociosqu ad litora torquent per conubia nostra, per inceptos himenaeos. Cras scelerisque libero nisl, nec suscipit odio euismod eget.</p>\n<ol>\n<li>Donec viverra est ac eros mattis cursus. Maecenas scelerisque augue in est egestas vehicula. Lorem ipsum dolor sit amet, consectetur adipiscing elit. Fusce nec diam ipsum. Ut consectetur orci vel metus elementum, auctor pulvinar tortor condimentum. Aenean dictum convallis massa, ut rutrum turpis adipiscing et. In consectetur cursus arcu, et cursus tortor porttitor id. Suspendisse sagittis urna non diam mollis venenatis. Phasellus interdum leo sed consectetur vehicula. Praesent semper turpis ac turpis lacinia, in convallis odio laoreet. Donec vehicula lorem in vulputate gravida. Curabitur feugiat nec eros laoreet facilisis. Curabitur velit metus, vulputate et euismod iaculis, euismod quis tortor. Praesent neque elit, ultrices et ante sit amet, facilisis luctus nulla. Nullam dictum gravida mauris, eget varius sapien convallis in. Aliquam in eleifend ligula, porta congue nisl.</li>\n<li>Maecenas et dolor dictum, placerat metus sit amet, mattis dolor. Phasellus dignissim enim eu elit eleifend, eget commodo sem luctus. In interdum dolor felis, quis vulputate nunc pretium nec. Fusce eu sollicitudin nisl. Aenean in facilisis neque. Pellentesque volutpat eleifend posuere. Pellentesque porta erat a iaculis tincidunt. Duis vel sem malesuada, facilisis ligula in, condimentum lorem. Duis rutrum, velit vitae consectetur vestibulum, erat erat aliquam massa, non consectetur sem urna a neque. Class aptent taciti sociosqu ad litora torquent per conubia nostra, per inceptos himenaeos. Sed ut orci eu velit gravida volutpat in id mauris. Praesent risus felis, elementum sed vestibulum ac, lacinia eget justo. Proin elementum leo nec dolor rutrum, at viverra eros semper. Suspendisse quis porta nibh. Nam pulvinar laoreet justo fermentum vulputate.</li>\n<li>Mauris adipiscing mollis sapien, sed dapibus dui rutrum a. Donec ut euismod tellus. Nunc elit ante, rutrum sit amet arcu ut, semper scelerisque tellus. Nunc elementum lacus nec nisl rutrum aliquam. Nulla eu lacus suscipit, pretium diam nec, lacinia enim. Proin condimentum augue porttitor nisl blandit gravida. Aliquam sed ullamcorper augue, vitae tempus dolor. Nunc tristique vitae purus ut vulputate. Cras a aliquam sapien. Nullam cursus velit vitae leo sollicitudin, eget auctor justo viverra. Nulla rhoncus mauris in enim ornare lacinia.</li>\n<li>Nam tempor justo vel mauris lacinia, at dapibus tortor malesuada. Nullam pharetra pellentesque velit, tincidunt ornare metus ultricies non. Donec tristique dapibus magna, in rutrum purus commodo non. Fusce urna ligula, dapibus porttitor nunc eget, dictum fringilla turpis. Mauris mattis venenatis euismod. Cras sed tellus libero. In in ipsum lacus. Phasellus pulvinar felis ac libero scelerisque, et aliquet lacus malesuada. Morbi at risus eget ipsum volutpat aliquam. Maecenas eleifend scelerisque pretium. Vestibulum egestas lacinia ultrices. Morbi varius augue a purus mattis bibendum. Maecenas luctus quam ac diam venenatis laoreet. Duis et consectetur lorem. Cras convallis arcu ac tempor auctor. Curabitur sed enim nec purus lacinia aliquam nec sit amet lorem.</li>\n<li>Donec viverra orci vitae semper accumsan. Integer adipiscing aliquet lorem. Donec in porttitor lacus. Curabitur venenatis dolor id lorem condimentum facilisis. Integer vel aliquam est, vel accumsan nunc. Nunc sed risus sit amet lectus interdum facilisis. Praesent interdum felis enim, eget iaculis sem convallis nec. Praesent nec ligula diam. Nullam adipiscing magna id porttitor accumsan. Integer accumsan, est in facilisis elementum, purus nunc mattis massa, nec luctus quam mauris quis sapien. Donec euismod arcu lectus, vestibulum commodo ante cursus ac. Curabitur tempus feugiat adipiscing. Fusce suscipit et leo eget aliquet. Nam at porta enim.</li>\n<li>Curabitur consequat, enim ut tincidunt tincidunt, magna nunc luctus justo, a consequat tellus diam sit amet justo. Fusce ligula orci, accumsan non massa a, ultrices aliquam odio. Aliquam venenatis varius ante nec viverra. Donec a velit pharetra, consectetur lorem at, condimentum massa. Quisque commodo dui ultricies, tristique ante at, adipiscing dui. Etiam non ante orci. Nam in purus velit. Phasellus odio sapien, cursus at nisl eu, dignissim rhoncus ipsum. Sed a ligula ornare, luctus felis at, euismod elit. Donec posuere nunc erat, egestas viverra ante pulvinar ultrices. Sed ut elit nec tellus facilisis fermentum vitae ut leo. Suspendisse at luctus augue. Aenean ultrices ipsum id consequat volutpat. Donec lorem est, tincidunt eget est sit amet, condimentum interdum dui. Maecenas faucibus purus metus, ut dapibus lorem convallis eu.</li>\n<li>Nulla eget convallis purus, in laoreet elit. Nam aliquet erat enim, id facilisis lectus luctus ut. Donec ut dignissim eros. Vivamus urna velit, rhoncus a purus sit amet, eleifend cursus augue. Proin tempus purus sed nisl accumsan rutrum. Suspendisse in facilisis libero. Nulla venenatis dignissim lacus, non dapibus dolor rutrum non.</li>\n</ol>', '0b8371d6b5931d3393ce9fe7e8f7a240.jpg', '0b8371d6b5931d3393ce9fe7e8f7a240_thumb.jpg', 1, 48.567520374, 19.2664, NULL, NULL, NULL, NULL),
(5, 'Test tournament', '2013-12-28', '0000-00-00', 'Trencin', NULL, 2, 1, '<p><img src="../../../tinymce/plugins/emoticons/img/smiley-laughing.gif" alt="" />Nadpis</p>\r\n<p>drgsregrtgrteg wtrhgtrhe&nbsp;trgw theh yteh yth rhy trhter ye h rh yh yeh yt</p>', '9863980295a5417d80c7d95ab32bd4a1.jpg', '9863980295a5417d80c7d95ab32bd4a1_thumb.jpg', 1, 10.23, 56.356, NULL, NULL, NULL, NULL),
(6, 'test', '2013-12-26', '0000-00-00', 'mardof', NULL, 4, 5, '<div class="lang-php prettyprint prettyprinted">Lorem ipsum dolor sit amet, nam timeam epicuri ea, at est suscipit torquatos omittantur, eu has modus dicit detracto. Qui id aeterno impedit indoctum, et sea mucius commodo temporibus, an qui agam sadipscing persequeris. Id pri viderer impedit, in partem eripuit delicata eum. Doctus elaboraret mea cu. Cum ut inermis mentitum maiestatis.<br /><br />Dolor consulatu sea et, elitr partiendo duo in. Dicta doming quaestio ad cum. Deseruisse incorrupte ad pri. Vel case consulatu at, sea latine voluptatum cu, per enim aliquam fabulas ne. Assum platonem philosophia sit ea. No bonorum minimum qui, no dissentias cotidieque cum, sea ea brute dissentias necessitatibus.<br /><br />Est atqui populo dolores cu, periculis accusamus mnesarchum ne mei. In agam autem maluisset nec. Porro nostrum honestatis cu duo, ubique alterum fuisset et sit. Et solum timeam complectitur cum. Ius suas graece vocent te, magna mandamus contentiones eam ut, libris ponderum mandamus vim in. Id tollit labores mei, sea ne tale senserit periculis.<br /><br />Ut discere argumentum vel, graecis singulis contentiones ei mea. Viris intellegam in qui, recusabo maiestatis eum eu. Vidisse consectetuer vis eu. Et eruditi intellegebat duo. Duo maiestatis definiebas at, soleat nominati eam at.<br /><br />Cum in audire dolorem euripidis, vis eu iracundia interpretaris. Nam posse mediocritatem ea, ea vel tacimates referrentur. Laoreet deleniti definitiones sea at, ex dictas delicatissimi sea. Noluisse invidunt quaestio te pro, sit veniam debitis perfecto eu. Has animal aperiam cu.</div>', 'c05d9c8b1d9f53ef62ad919ddb95dc23.jpg', 'c05d9c8b1d9f53ef62ad919ddb95dc23_thumb.jpg', 1, 48.567520374, 19.149169922, NULL, NULL, NULL, NULL),
(9, '2014 Budmerice OPEN', '2014-04-05', '2023-01-17', 'Budmerice', 1, 6, 1, '<p><span style="font-family: arial,sans-serif;"><span style="font-size: small;"><strong>P<span style="font-size: small;">ozor</span></strong>:</span> alej topolov, cesta, po ktorej sme boli zvyknut&iacute; pr&iacute;s?, je uzavret&aacute;, treba to ob&iacute;s? cez prv&uacute; praleln&uacute; ulicu v dedine (Revolun&aacute; ulica).&nbsp; <br /><strong>Parkovanie:</strong> vzh?adom na to, e nem&aacute;m potvrden&yacute; pr&iacute;stup do parku je mon&eacute;, e budeme musie? parkova? pred br&aacute;nou, na mape vyzna?en&eacute; modrou farbou. V&scaron;etky cennosti si v aute odlote pre istotu do kufra. <br /><span style="color: #783f04;"><span style="text-decoration: underline;"><strong><span style="font-size: medium;"><br /><span style="color: #4c1130;"><span style="font-size: small;">W<span style="font-size: small;">arning</span></span></span></span></strong></span><span style="color: #4c1130;">: the tree alley we used to access the park is now closed for traffic. Therefore you need to use a detour through the first parallel street in the village (Revolucna ulica). Just follow the street to the end, then turn left, see the map on the right of this page.&nbsp; <br /> <strong>Parking:</strong> we still do not have a confirmation of parking inside the park area, so it is possible that you will need to park outside the park fence (indicated by the blue color on the map). Please, do not leave any visible valuables in your car and leave all your&nbsp; stuff in the car trunk! </span></span><br /><br /><br /><strong><span style="font-size: medium;">JEDLO/FOOD</span></strong></span><br /><span style="font-family: arial,sans-serif;"><span style="font-size: medium;"><span style="font-size: small;">Voda a mal&eacute; ob?er<span style="font-size: small;">tvenie <span style="font-size: small;">s&uacute; zahrnut&eacute; v turnajovom poplatku. <span style="font-size: small;">V obci je viacero monost&iacute; <span style="font-size: small;">na obed a ve?eru v sobotu a nede?u s cenami od 5 Euro. Odpor&uacute;?an&aacute; re&scaron;taur&aacute;cia je </span></span></span></span></span></span><br /></span><span style="font-family: arial,sans-serif;"><span style="font-size: medium;"><span style="font-size: small;"><span style="font-family: arial,sans-serif;"><span style="font-size: medium;"><span style="font-size: small;"><a href="https://plus.google.com/103123951796227980920/about?hl=sk" target="_blank"><span style="font-size: small;">Re&scaron;taur&aacute;cia </span>KVAK</a> , <a href="http://kvakrestaurant.webnode.sk/kontakt/" target="_blank" rel="nofollow">alternat&iacute;<span style="font-size: small;">vny</span> link</a> (o<span style="font-size: small;">tvoren&eacute;</span> sobota 12:00 - 24:00 a<span style="font-size: small;"> <span style="font-size: small;">nede?a</span></span> 12:00 - 22:00)<br /><span style="color: #4c1130;"><a href="https://sites.google.com/site/regnadgtur/goog_781703377"><br /></a></span></span></span></span></span></span></span><span style="color: #4c1130;">Water and small snack are included in the player fee. Multiple lunch and dinner options in the village are available on Saturday and Sunday starting at 5 Eur, <br />recommended option <a target="_blank">KVAK restaurant</a> , <a target="_blank">alternative link</a> (open Saturday 12:00 - 24:00 and Sunday 12:00 - 22:00)</span><br /><span style="font-family: arial,sans-serif;"><strong><span style="font-size: medium;"><span style="text-decoration: underline;"><br /></span></span></strong></span><span style="font-family: arial,sans-serif;"><strong><span style="font-size: medium;">ACCOMMODATION/UBYTOVANIE</span></strong></span></p>\n<div style="display: inline; margin: 5px 10px; float: right;"><a href="https://sites.google.com/site/regnadgtur/budmerice-2013/budmerice%202.png?attredirects=0"><img src="https://sites.google.com/site/regnadgtur/_/rsrc/1367567440933/budmerice-2013/budmerice%202.png?height=320&amp;width=400" alt="" width="400" height="320" border="0" /></a></div>\n<p><br />UNISTAV, Jablonecka 2, Budmerice, 48.353536,17.416451&nbsp;<span style="font-size: small;"><a href="https://maps.google.sk/maps?q=48.353606,17.416395&amp;hl=sk&amp;num=1&amp;t=h&amp;z=19" target="_blank">Mapa</a></span>, <span style="font-size: small;">v ltom kruhu na mape</span> hore<br /><span style="font-family: arial,sans-serif;"><span style="font-size: medium;"><span style="font-size: small;">robot<span style="font-size: small;">n&iacute;<span style="font-size: small;">c</span>k<span style="font-size: small;">a</span> ubytov<span style="font-size: small;">?a</span> 6&euro; za osobu a noc <br /><span style="font-size: small;">hotelov<span style="font-size: small;">&aacute;</span> ?as<span style="font-size: small;">?</span> 12&euro; za o<span style="font-size: small;">sobu a <span style="font-size: small;">noc</span></span></span></span></span></span></span><br /><span style="font-family: arial,sans-serif;"><span style="font-size: medium;"><span style="font-size: small;"><span style="font-size: small;"><span style="font-size: small;"><span style="font-size: small;">mo<span style="font-size: small;"><span style="font-size: small;">nos? <span style="font-size: small;">ra?ajok</span> <span style="font-size: small;">n<span style="font-size: small;">a</span></span> <span style="font-size: small;">ned<span style="font-size: small;">e<span style="font-size: small;">?u</span></span></span></span></span></span></span></span></span></span> <span style="font-size: small;"><span style="font-size: small;">cca</span>.</span> 3&euro; <br /></span><br /><span style="color: #4c1130;">UNISTAV, Jablonecka 2, Budmerice, 48.353536,17.416451&nbsp;<span style="font-size: small;"><a href="https://maps.google.sk/maps?q=48.353606,17.416395&amp;hl=sk&amp;num=1&amp;t=h&amp;z=19" target="_blank">Map</a></span>, see also yellow circle on the map above<br /> basic accommodation 6&euro; per night per person (double room)<br />hotel accommodation 12&euro; per night per person (double room)<br />optional breakfast on Sunday approx. 3&euro;</span><br /><br /><span style="font-family: arial,sans-serif;"><strong><span style="font-size: medium;"><span style="font-family: arial,sans-serif;"><strong><span style="font-size: medium;"><span style="color: #cc0000;"><span style="color: #000000;"><span style="font-size: small;"><span style="font-family: arial,sans-serif;"><strong><span style="font-size: medium;">POPLAT<span style="font-size: medium;">OK/</span>F<span style="font-size: medium;">EE</span></span></strong></span></span></span></span></span></strong></span></span></strong></span><br /><span style="font-family: arial,sans-serif;"><span style="font-size: medium;"><span style="font-family: arial,sans-serif;"><span style="font-size: medium;"><span style="font-family: arial,sans-serif;"><span style="font-size: medium;"><span style="color: #cc0000;"><span style="color: #000000;"><span style="font-size: small;">5 Euro + 2 Euro pre ne<span style="font-size: small;">?lenov <span style="font-size: small;">Slovenskej asoci&aacute;cie Frisbee</span></span></span></span></span></span></span></span></span></span><strong><span style="font-size: medium;"><span style="text-decoration: underline;"><span style="font-family: arial,sans-serif;"><strong><span style="font-size: medium;"><span style="text-decoration: underline;"><span style="font-family: arial,sans-serif;"><strong><span style="font-size: medium;"><span style="text-decoration: underline;"><br /><br /></span></span></strong></span></span></span></strong></span></span></span></strong><span style="color: #4c1130;"><span style="font-size: medium;"><span style="font-family: arial,sans-serif;"><span style="font-size: medium;"><span style="font-size: small;">5 Euro + 2 Euro for non-members of Slovak Association of Frisbee</span></span></span></span></span><strong><span style="font-size: medium;"><span style="text-decoration: underline;"><span style="font-family: arial,sans-serif;"><strong><span style="font-size: medium;"><span style="text-decoration: underline;"><br /></span></span></strong></span><br /></span>P<span style="font-size: medium;">ROGRAM<span style="font-size: medium;">/TOURNAMENT <span style="font-size: medium;">SCHEDULE</span></span></span></span></strong><br /></span><span style="font-family: arial,sans-serif;"><span style="font-family: arial,sans-serif;">Pros&iacute;me, kad&uacute; skupinu, ktor&aacute; dohr&aacute; 4.kolo v sobotu, aby priniesla k&ocirc;&scaron; ku ka&scaron;tielu<br /><br /></span><span style="font-family: arial,sans-serif;"><span style="color: #4c1130;">We kindly ask all the players'' flights that finishes the 4th round on Saturday to bring the basket to the meeting area. </span></span><br /><br /><strong>Saturday April 20, 2013</strong><br />09:00 - Registration - </span><span style="font-family: arial,sans-serif;"><span lang="en">pay entry fee<br /></span>09:30 - Players meeting<br />09:45 - First and second round&nbsp; (2 x 12 holes together)<br />12:30 - Lunch break <br />14:45 - Players meeting<br /> 15:00 - Third and fourth round </span><span style="font-family: arial,sans-serif;"><span style="font-family: arial,sans-serif;">(2 x 12 holes together)</span><br /><br /></span></p>\n<div>\n<div class="sites-embed-align-right-wrapping-on">\n<div class="sites-embed-border-on sites-embed" style="width: 400px;">\n<h4 class="sites-embed-title">Budmerice Spring Fling 2013 - registr&aacute;cia</h4>\n<div class="sites-embed-content sites-embed-type-spreadsheet-form">&nbsp;</div>\n</div>\n</div>\n</div>\n<p><span style="font-family: arial,sans-serif;"><strong>Sunday April 21, 2013</strong><br />09:30 - Players meeting<br />09:45 - Fifth and sixth round&nbsp; </span><span style="font-family: arial,sans-serif;"><span style="font-family: arial,sans-serif;">(2 x 12 holes together)</span><br />12:30 - Short Break<br />13:00 - Final round (the best 5 players in divisions OPEN &amp; WOMEN, 6 extra holes)<br /><br /><strong><span style="font-size: medium;">ORGANIZ&Aacute;TORI TURNAJA/TOURNAMENT ORGANIZERS</span></strong><br /><strong>Riadite? turnaja / Tournament director:</strong> Kasho Groaj (kasho30(at)gmail),&nbsp; +421 908 445 263<br /><strong>Turnajov&aacute; komisia / Tournament commission:</strong> Richard Koll&aacute;r (rk.frisbee(at)gmail)<br />&nbsp;&nbsp; &nbsp;&nbsp;&nbsp; &nbsp;&nbsp;&nbsp; &nbsp;&nbsp;&nbsp; &nbsp;&nbsp;&nbsp; &nbsp;&nbsp;&nbsp; &nbsp;&nbsp;&nbsp; &nbsp;&nbsp;&nbsp; &nbsp;&nbsp;&nbsp; &nbsp;&nbsp;&nbsp; &nbsp;&nbsp;&nbsp; &nbsp;&nbsp;&nbsp; &nbsp;&nbsp;&nbsp; &nbsp;&nbsp;&nbsp; &nbsp;&nbsp;&nbsp; &nbsp;&nbsp;&nbsp; &nbsp;&nbsp;&nbsp; &nbsp;&nbsp;&nbsp; &nbsp; ?irsson Kri?ka (cirsson(at)gmail) <br />&nbsp;&nbsp; &nbsp;&nbsp;&nbsp; &nbsp;&nbsp;&nbsp; &nbsp;&nbsp;&nbsp; &nbsp;&nbsp;&nbsp; &nbsp;&nbsp;&nbsp; &nbsp;&nbsp;&nbsp; &nbsp;&nbsp;&nbsp; &nbsp;&nbsp;&nbsp; &nbsp;&nbsp;&nbsp; &nbsp;&nbsp;&nbsp; &nbsp;&nbsp;&nbsp; &nbsp;&nbsp;&nbsp; &nbsp;&nbsp;&nbsp; &nbsp;&nbsp;&nbsp; &nbsp;&nbsp;&nbsp; &nbsp;&nbsp;&nbsp; &nbsp;&nbsp;&nbsp; &nbsp; Katka Bo?ov&aacute; (kb.frisbee(at)gmail)<br /><br /><br /><strong><span style="font-size: medium;">REGISTR&Aacute;CIA/REGISTRATION<br /></span></strong></span><br /><span style="font-family: arial,sans-serif;"><span style="font-size: small;"><span style="font-family: arial,sans-serif;">Pros<span style="font-size: small;">&iacute;m, zaregistrujte sa pomocou formul&aacute;ra<span style="font-size: small;"> vpravo.</span> </span>S&uacute;?ai<span style="font-size: small;"> sa v div&iacute;zia&aacute;ch </span>OPEN a WOMEN, 6 x 12 <span style="font-size: small;">jamiek</span> + 6 <span style="font-size: small;">jamiek</span> fin<span style="font-size: small;">&aacute;le</span>. Maxim&aacute;lna kapacita turnaja je <span style="font-size: small;">48</span> hr&aacute;?ov.&nbsp; Zo<span style="font-size: small;">znam prih&aacute;l<span style="font-size: small;">sen<span style="font-size: small;">&yacute;ch hr&aacute;?ov je ni&scaron;ie. </span></span></span><br /></span></span><strong><span style="font-size: medium;"><br /></span></strong><span style="color: #4c1130;">Please, register using the online form on the right. The competition divisions are OPEN and WOMEN, 6 x 12 + 6 holes finals. The maximum tournament capacity is 48 players.<span style="font-size: large;"><span style="font-size: small;">The list of registered players is below.</span><strong><br /></strong></span></span></span></p>', '2958a2b0532fb97828d5e9f2880202a5.JPG', '2958a2b0532fb97828d5e9f2880202a5_thumb.JPG', 1, NULL, NULL, 100, 'Fero', NULL, NULL),
(10, '2013 Budmerice OPEN', '2013-04-21', '0000-00-00', 'Budmerice', NULL, 6, 1, '<p>Budmerice OPEN 2013</p>\n<p>&nbsp;</p>', NULL, NULL, 1, NULL, NULL, 100, NULL, NULL, NULL),
(11, '2013 Sad JK Bratislava', '2013-04-10', '0000-00-00', 'Bratislava', NULL, 2, 1, '<p>fiktivny turnaj na kontrolu</p>', NULL, NULL, 1, NULL, NULL, 20, NULL, NULL, NULL),
(12, '2000 Test Tournament', '2014-01-29', '2014-01-22', 'Bratislava', 20, 3, 2, NULL, NULL, NULL, 1, NULL, NULL, 100, NULL, NULL, NULL),
(13, '2001 Test Tournament', '2001-01-01', '0000-00-00', 'Bratislava', NULL, 3, 2, NULL, NULL, NULL, 0, NULL, NULL, 100, NULL, NULL, NULL),
(14, '2013 test budmerice', '2013-04-11', '0000-00-00', 'Budmerice', NULL, 6, 1, NULL, NULL, NULL, 0, NULL, NULL, 100, NULL, NULL, NULL),
(15, 'Test datumu', '2014-01-23', '2014-01-31', 'Mordor', NULL, 5, 1, '<p>Lorem ipsum dolor sit amet, consectetur adipiscing elit. Eros fusce Cum id dignissim dis sagittis ultrices massa iaculis nostra...Sodales posuere nascetur.Eget class sodales nullam semper sagittis volutpat; nulla et curabitur.A lobortis Eleifend faucibus euismod erat sodales neque aptent, orci vehicula elit torquent.Urna dictumst lobortis quisque magnis sagittis porta fermentum, nulla facilisi cursus maecenas curabitur.</p>\n<p>A amet Vulputate ridiculus pulvinar fusce faucibus lacus sociis?Risus augue nascetur.Risus at penatibus quis mi.Justo at dignissim libero...Class congue iaculis.</p>\n<p>Scelerisque cras nam phasellus sit bibendum id habitant blandit pellentesque quis - dui netus vivamus nisi!Urna nibh montes leo id hac vivamus mus?Litora parturient cras pulvinar laoreet aptent metus cursus nostra!Nam mattis himenaeos magna penatibus ad lacinia vivamus?Imperdiet fusce Quisque sit magnis mauris torquent duis.</p>\n<p>Tellus ridiculus ultricies phasellus purus lectus nisl rutrum blandit ut, penatibus porta odio.Eu bibendum inceptos metus ullamcorper penatibus aliquam, mauris accumsan tempor curabitur.Morbi laoreet quisque faucibus adipiscing blandit pellentesque volutpat vehicula ante, lacinia accumsan.Sapien metus dignissim congue?Amet litora parturient felis fusce nunc faucibus facilisis: turpis elit non proin mus.</p>', NULL, NULL, 1, 45, 65, 120, NULL, NULL, NULL),
(16, 'Capacity', '2014-01-08', '2014-01-17', 'otyrgg', 150, 4, 1, NULL, NULL, NULL, 1, 25, 48, 123, NULL, NULL, NULL),
(17, 'Director test', '2014-03-26', '2014-04-16', 'neviem', 25, 5, 2, NULL, NULL, NULL, 1, 45, 32, 100, 'Riaditel', 'er@re.com', '123456');

-- --------------------------------------------------------

-- 
-- Table structure for table `statistics_user_autologin`
-- 

DROP TABLE IF EXISTS `statistics_user_autologin`;
CREATE TABLE `statistics_user_autologin` (
  `key_id` char(32) collate utf8_bin NOT NULL,
  `user_agent` varchar(150) collate utf8_bin NOT NULL,
  `last_ip` varchar(40) collate utf8_bin NOT NULL,
  `last_login` timestamp NOT NULL default CURRENT_TIMESTAMP on update CURRENT_TIMESTAMP,
  `user_id` int(11) NOT NULL,
  PRIMARY KEY  (`key_id`,`user_id`),
  KEY `fk_user_autologin_users1` (`user_id`)
) ENGINE=InnoDB DEFAULT CHARSET=utf8 COLLATE=utf8_bin;

-- 
-- Dumping data for table `statistics_user_autologin`
-- 


-- --------------------------------------------------------

-- 
-- Table structure for table `statistics_user_profiles`
-- 

DROP TABLE IF EXISTS `statistics_user_profiles`;
CREATE TABLE `statistics_user_profiles` (
  `id` int(11) NOT NULL auto_increment,
  `country` varchar(20) collate utf8_slovak_ci default NULL,
  `website` varchar(255) collate utf8_slovak_ci default NULL,
  `first_name` varchar(45) collate utf8_slovak_ci default NULL,
  `last_name` varchar(45) collate utf8_slovak_ci default NULL,
  `birth_date` date default NULL,
  `photo` varchar(255) collate utf8_slovak_ci default 'default.png',
  `thumb` varchar(255) collate utf8_slovak_ci default 'default-thumb.png',
  `gender` varchar(45) collate utf8_slovak_ci default NULL,
  `club` varchar(45) collate utf8_slovak_ci default NULL,
  `about` text collate utf8_slovak_ci,
  `user_id` int(11) NOT NULL,
  `year_score` double NOT NULL,
  `slovak_champ_score` double default NULL,
  PRIMARY KEY  (`id`,`user_id`),
  KEY `fk_user_profiles_users1` (`user_id`)
) ENGINE=InnoDB AUTO_INCREMENT=43 DEFAULT CHARSET=utf8 COLLATE=utf8_slovak_ci AUTO_INCREMENT=43 ;

-- 
-- Dumping data for table `statistics_user_profiles`
-- 

INSERT INTO `statistics_user_profiles` (`id`, `country`, `website`, `first_name`, `last_name`, `birth_date`, `photo`, `thumb`, `gender`, `club`, `about`, `user_id`, `year_score`, `slovak_champ_score`) VALUES (11, NULL, NULL, 'Admin', 'admin', '1981-05-05', 'de239c008fd95aff2d7857c5b6374483.png', 'de239c008fd95aff2d7857c5b6374483_thumb.png', 'Male', NULL, NULL, 12, 0, NULL),
(12, NULL, NULL, 'Jan', 'Slovak', '2013-12-19', 'default.png', 'default-thumb.png', 'Male', 'Slovaci', NULL, 13, 0, NULL),
(13, 'Slovakia', NULL, 'Vlado', 'Lalik', '1992-07-09', 'default.png', 'default-thumb.png', 'Female', 'Club', 'Vladoooooooooo', 14, 0, NULL),
(14, 'fewf', NULL, 'Adam', 'Velky', '2013-12-05', 'default.png', 'default-thumb.png', 'Male', 'sdfaf', 'seafb rea arg ', 15, 0, NULL),
(15, 'Slovakia', NULL, 'Jozef', 'Cech', '1992-07-09', 'default.png', 'default-thumb.png', 'Male', NULL, NULL, 16, 0, NULL),
(16, 'SK', NULL, 'Richard', 'Kollr', '1974-02-24', 'default.png', 'default-thumb.png', 'Male', 'Metal Impact', NULL, 17, 0, NULL),
(17, 'SK', NULL, 'Katka', 'Boov', '1981-04-12', 'default.png', 'default-thumb.png', 'Female', 'Metal Impact', NULL, 18, 0, NULL),
(19, NULL, NULL, 'Jano', 'Prvy', '0000-00-00', 'default.png', 'default-thumb.png', 'Male', NULL, NULL, 20, 100, 100),
(20, NULL, NULL, 'Jano', 'Druhy', '0000-00-00', 'default.png', 'default-thumb.png', 'Male', NULL, NULL, 21, 0, 0),
(21, NULL, NULL, 'Jano', 'Treti', '0000-00-00', 'default.png', 'default-thumb.png', 'Male', NULL, NULL, 22, 75, 75),
(22, NULL, NULL, 'Jano', 'Prvy', '0000-00-00', 'default.png', 'default-thumb.png', 'Male', NULL, NULL, 23, 100, 100),
(23, NULL, NULL, 'Jano', 'Druhy', '0000-00-00', 'default.png', 'default-thumb.png', 'Male', NULL, NULL, 24, 0, 0),
(24, NULL, NULL, 'Jano', 'Treti', '0000-00-00', 'default.png', 'default-thumb.png', 'Male', NULL, NULL, 25, 75, 75),
(25, NULL, NULL, 'Jano', 'Prvy', '0000-00-00', 'default.png', 'default-thumb.png', 'Male', NULL, NULL, 26, 0, NULL),
(26, NULL, NULL, 'Jano', 'Druhy', '0000-00-00', 'default.png', 'default-thumb.png', 'Male', NULL, NULL, 27, 0, NULL),
(27, NULL, NULL, 'Jano', 'Treti', '0000-00-00', 'default.png', 'default-thumb.png', 'Male', NULL, NULL, 28, 0, NULL),
(28, NULL, NULL, 'Katka', 'Bodova', '1981-04-12', 'default.png', 'default-thumb.png', 'Female', 'Metal Impact', NULL, 29, 0, NULL),
(29, NULL, NULL, 'Susanne', 'Giendl', '0000-00-00', 'default.png', 'default-thumb.png', 'Female', NULL, NULL, 30, 0, NULL),
(30, NULL, NULL, 'Bea', 'Hergelova', '0000-00-00', 'default.png', 'default-thumb.png', 'Female', NULL, NULL, 31, 0, NULL),
(31, NULL, NULL, 'Magda ', 'Kiss', '0000-00-00', 'default.png', 'default-thumb.png', 'Male', NULL, NULL, 32, 0, NULL),
(32, NULL, NULL, 'Denisa', 'Haneckova', '0000-00-00', 'default.png', 'default-thumb.png', 'Female', NULL, NULL, 33, 0, NULL),
(33, NULL, NULL, 'Michaela', 'Trimmel', '0000-00-00', 'default.png', 'default-thumb.png', 'Male', NULL, NULL, 34, 0, NULL),
(34, NULL, NULL, 'Monika', 'Seleck', '0000-00-00', 'default.png', 'default-thumb.png', 'Male', NULL, NULL, 35, 0, NULL),
(35, NULL, NULL, 'Katka', 'Bodova', '1981-04-12', 'default.png', 'default-thumb.png', 'Female', 'Metal Impact', NULL, 36, 0, NULL),
(36, NULL, NULL, 'Susanne', 'Giendl', '0000-00-00', 'default.png', 'default-thumb.png', 'Female', NULL, NULL, 37, 0, NULL),
(37, NULL, NULL, 'Bea', 'Hergelova', '0000-00-00', 'default.png', 'default-thumb.png', 'Female', NULL, NULL, 38, 0, NULL),
(38, NULL, NULL, 'Magda ', 'Kiss', '0000-00-00', 'default.png', 'default-thumb.png', 'Male', NULL, NULL, 39, 0, NULL),
(39, NULL, NULL, 'Denisa', 'Haneckova', '0000-00-00', 'default.png', 'default-thumb.png', 'Female', NULL, NULL, 40, 0, NULL),
(40, NULL, NULL, 'Michaela', 'Trimmel', '0000-00-00', 'default.png', 'default-thumb.png', 'Male', NULL, NULL, 41, 0, NULL),
(41, NULL, NULL, 'Monika', 'Seleck', '0000-00-00', 'default.png', 'default-thumb.png', 'Male', NULL, NULL, 42, 0, NULL),
(42, NULL, NULL, 'johan', 'johan', '2014-01-01', 'default.png', 'default-thumb.png', 'Male', '1234', NULL, 43, 0, NULL);

-- --------------------------------------------------------

-- 
-- Table structure for table `statistics_users`
-- 

DROP TABLE IF EXISTS `statistics_users`;
CREATE TABLE `statistics_users` (
  `id` int(11) NOT NULL auto_increment,
  `role` varchar(20) character set utf8 collate utf8_bin NOT NULL default 'user',
  `username` varchar(50) character set utf8 collate utf8_bin NOT NULL,
  `password` varchar(255) character set utf8 collate utf8_bin NOT NULL,
  `email` varchar(100) character set utf8 collate utf8_bin NOT NULL,
  `activated` tinyint(1) NOT NULL default '1',
  `banned` tinyint(1) NOT NULL default '0',
  `ban_reason` varchar(255) character set utf8 collate utf8_bin default NULL,
  `new_password_key` varchar(50) character set utf8 collate utf8_bin default NULL,
  `new_password_requested` datetime default NULL,
  `new_email` varchar(100) character set utf8 collate utf8_bin default NULL,
  `new_email_key` varchar(50) character set utf8 collate utf8_bin default NULL,
  `last_ip` varchar(40) character set utf8 collate utf8_bin NOT NULL,
  `last_login` datetime NOT NULL,
  `created` datetime NOT NULL,
  `modified` timestamp NOT NULL default CURRENT_TIMESTAMP on update CURRENT_TIMESTAMP,
  PRIMARY KEY  (`id`)
) ENGINE=InnoDB AUTO_INCREMENT=44 DEFAULT CHARSET=utf8 COLLATE=utf8_slovak_ci AUTO_INCREMENT=44 ;

-- 
-- Dumping data for table `statistics_users`
-- 

INSERT INTO `statistics_users` (`id`, `role`, `username`, `password`, `email`, `activated`, `banned`, `ban_reason`, `new_password_key`, `new_password_requested`, `new_email`, `new_email_key`, `last_ip`, `last_login`, `created`, `modified`) VALUES (12, 0x61646d696e, '', 0x243261243038247366716371523655497569646e5948755872524265656b6d556a756b4c7a677a4d786c55677a335749675230673769703730496a57, 0x61646d696e4061646d696e2e736b, 1, 0, NULL, NULL, NULL, NULL, NULL, 0x36322e3136392e3138392e3730, '2014-01-11 13:19:48', '2013-12-09 15:11:30', '2014-01-11 13:19:48'),
(13, 0x75736572, 0x6175746f, '', '', 2, 0, NULL, NULL, NULL, NULL, NULL, '', '0000-00-00 00:00:00', '2013-12-09 17:06:23', '2013-12-09 18:06:23'),
(14, 0x75736572, '', 0x243261243038243637695463704a754e5369452e664f79544c6a6e66653445466656396b49535561395834424d39675574755a37395a5a5434434c2e, 0x766c61646f406d61696c2e736b, 1, 0, NULL, NULL, NULL, NULL, NULL, 0x3132372e302e302e31, '0000-00-00 00:00:00', '2013-12-09 17:20:52', '2013-12-10 00:05:33'),
(15, 0x75736572, '', 0x2432612430382446714c4177314a4a4c57744a6d41675241646d392e2e4f6e3738427478786279584c367050596d414b594b3852694433782e626b57, 0x6e6577406d61696c2e736b, 1, 0, NULL, NULL, NULL, NULL, NULL, 0x3132372e302e302e31, '0000-00-00 00:00:00', '2013-12-09 17:44:44', '2013-12-25 19:34:19'),
(16, 0x75736572, '', 0x2432612430382448375a426969393956574e366931457a4e384e4c636556505453714f622e4f3037563676674c6847582f7457766c61703933737357, 0x6a6f6a6f40676d61696c2e636f6d, 0, 0, NULL, NULL, NULL, NULL, NULL, 0x36322e3136392e3138392e3730, '0000-00-00 00:00:00', '2013-12-29 02:18:46', '2013-12-29 02:18:46'),
(17, 0x75736572, '', 0x243261243038245353446f79474378522e7732486e6d4e4b4463536d4f6855344c5377334a47317a506153326a2f55724b38524e3336644e6a516375, 0x726b2e6672697362656540676d61696c2e636f6d, 1, 0, NULL, NULL, NULL, NULL, NULL, 0x39352e3130352e3136312e313333, '2014-01-05 12:28:41', '2014-01-05 12:26:52', '2014-01-05 12:28:41'),
(18, 0x75736572, '', 0x243261243038245a4e49642f653868796754637375716366543053587566345941695476775051323467757a56673350446b5043544b5a786a786b65, 0x6b622e6672697362656540676d61696c2e636f6d, 1, 0, NULL, NULL, NULL, NULL, NULL, 0x39352e3130352e3136312e313333, '2014-01-05 16:36:52', '2014-01-05 12:27:55', '2014-01-05 16:36:52'),
(20, 0x75736572, 0x6175746f, '', '', 2, 0, NULL, NULL, NULL, NULL, NULL, '', '0000-00-00 00:00:00', '2014-01-05 15:57:31', '2014-01-05 15:57:31'),
(21, 0x75736572, 0x6175746f, '', '', 2, 0, NULL, NULL, NULL, NULL, NULL, '', '0000-00-00 00:00:00', '2014-01-05 15:57:31', '2014-01-05 15:57:31'),
(22, 0x75736572, 0x6175746f, '', '', 2, 0, NULL, NULL, NULL, NULL, NULL, '', '0000-00-00 00:00:00', '2014-01-05 15:57:31', '2014-01-05 15:57:31'),
(23, 0x75736572, 0x6175746f, '', '', 2, 0, NULL, NULL, NULL, NULL, NULL, '', '0000-00-00 00:00:00', '2014-01-05 16:01:21', '2014-01-05 16:01:21'),
(24, 0x75736572, 0x6175746f, '', '', 2, 0, NULL, NULL, NULL, NULL, NULL, '', '0000-00-00 00:00:00', '2014-01-05 16:01:21', '2014-01-05 16:01:21'),
(25, 0x75736572, 0x6175746f, '', '', 2, 0, NULL, NULL, NULL, NULL, NULL, '', '0000-00-00 00:00:00', '2014-01-05 16:01:21', '2014-01-05 16:01:21'),
(26, 0x75736572, 0x6175746f, '', '', 2, 0, NULL, NULL, NULL, NULL, NULL, '', '0000-00-00 00:00:00', '2014-01-05 16:02:57', '2014-01-05 16:02:57'),
(27, 0x75736572, 0x6175746f, '', '', 2, 0, NULL, NULL, NULL, NULL, NULL, '', '0000-00-00 00:00:00', '2014-01-05 16:02:57', '2014-01-05 16:02:57'),
(28, 0x75736572, 0x6175746f, '', '', 2, 0, NULL, NULL, NULL, NULL, NULL, '', '0000-00-00 00:00:00', '2014-01-05 16:02:57', '2014-01-05 16:02:57'),
(29, 0x75736572, 0x6175746f, '', '', 2, 0, NULL, NULL, NULL, NULL, NULL, '', '0000-00-00 00:00:00', '2014-01-05 16:22:05', '2014-01-05 16:22:05'),
(30, 0x75736572, 0x6175746f, '', '', 2, 0, NULL, NULL, NULL, NULL, NULL, '', '0000-00-00 00:00:00', '2014-01-05 16:22:05', '2014-01-05 16:22:05'),
(31, 0x75736572, 0x6175746f, '', '', 2, 0, NULL, NULL, NULL, NULL, NULL, '', '0000-00-00 00:00:00', '2014-01-05 16:22:05', '2014-01-05 16:22:05'),
(32, 0x75736572, 0x6175746f, '', '', 2, 0, NULL, NULL, NULL, NULL, NULL, '', '0000-00-00 00:00:00', '2014-01-05 16:22:06', '2014-01-05 16:22:06'),
(33, 0x75736572, 0x6175746f, '', '', 2, 0, NULL, NULL, NULL, NULL, NULL, '', '0000-00-00 00:00:00', '2014-01-05 16:22:06', '2014-01-05 16:22:06'),
(34, 0x75736572, 0x6175746f, '', '', 2, 0, NULL, NULL, NULL, NULL, NULL, '', '0000-00-00 00:00:00', '2014-01-05 16:22:06', '2014-01-05 16:22:06'),
(35, 0x75736572, 0x6175746f, '', '', 2, 0, NULL, NULL, NULL, NULL, NULL, '', '0000-00-00 00:00:00', '2014-01-05 16:22:06', '2014-01-05 16:22:06'),
(36, 0x75736572, 0x6175746f, '', '', 2, 0, NULL, NULL, NULL, NULL, NULL, '', '0000-00-00 00:00:00', '2014-01-05 16:27:32', '2014-01-05 16:27:32'),
(37, 0x75736572, 0x6175746f, '', '', 2, 0, NULL, NULL, NULL, NULL, NULL, '', '0000-00-00 00:00:00', '2014-01-05 16:27:33', '2014-01-05 16:27:33'),
(38, 0x75736572, 0x6175746f, '', '', 2, 0, NULL, NULL, NULL, NULL, NULL, '', '0000-00-00 00:00:00', '2014-01-05 16:27:33', '2014-01-05 16:27:33'),
(39, 0x75736572, 0x6175746f, '', '', 2, 0, NULL, NULL, NULL, NULL, NULL, '', '0000-00-00 00:00:00', '2014-01-05 16:27:33', '2014-01-05 16:27:33'),
(40, 0x75736572, 0x6175746f, '', '', 2, 0, NULL, NULL, NULL, NULL, NULL, '', '0000-00-00 00:00:00', '2014-01-05 16:27:33', '2014-01-05 16:27:33'),
(41, 0x75736572, 0x6175746f, '', '', 2, 0, NULL, NULL, NULL, NULL, NULL, '', '0000-00-00 00:00:00', '2014-01-05 16:27:33', '2014-01-05 16:27:33'),
(42, 0x75736572, 0x6175746f, '', '', 2, 0, NULL, NULL, NULL, NULL, NULL, '', '0000-00-00 00:00:00', '2014-01-05 16:27:33', '2014-01-05 16:27:33'),
(43, 0x75736572, '', 0x2432612430382474613153425a584b475062392f43555451793749437535306c336f625656484c496d43455a3341673165646f664a2f694758773179, 0x6a6f68616e406a6f68616e2e736b, 1, 0, NULL, NULL, NULL, NULL, NULL, 0x36322e3136392e3138392e3730, '2014-01-11 15:06:08', '2014-01-11 14:53:56', '2014-01-11 15:06:08');

-- 
-- Constraints for dumped tables
-- 

-- 
-- Constraints for table `statistics_basket`
-- 
ALTER TABLE `statistics_basket`
  ADD CONSTRAINT `fk_basket_lap1` FOREIGN KEY (`lap_id`) REFERENCES `statistics_lap` (`lap_id`) ON DELETE NO ACTION ON UPDATE NO ACTION;

-- 
-- Constraints for table `statistics_lap`
-- 
ALTER TABLE `statistics_lap`
  ADD CONSTRAINT `fk_laps_statistics_tournaments1` FOREIGN KEY (`tournament_id`) REFERENCES `statistics_tournaments` (`tournament_id`) ON DELETE NO ACTION ON UPDATE NO ACTION,
  ADD CONSTRAINT `fk_laps_statistics_user_profiles1` FOREIGN KEY (`user_id`) REFERENCES `statistics_user_profiles` (`user_id`) ON DELETE NO ACTION ON UPDATE NO ACTION;

-- 
-- Constraints for table `statistics_number_of_baskets`
-- 
ALTER TABLE `statistics_number_of_baskets`
  ADD CONSTRAINT `fk_number_of_baskets_results1` FOREIGN KEY (`result_id`) REFERENCES `statistics_results` (`result_id`) ON DELETE NO ACTION ON UPDATE NO ACTION;

-- 
-- Constraints for table `statistics_players_has_tournaments`
-- 
ALTER TABLE `statistics_players_has_tournaments`
  ADD CONSTRAINT `fk_PLAYERS_has_TOURNAMENTS_CATEGORIES1` FOREIGN KEY (`category_id`) REFERENCES `statistics_categories` (`category_id`) ON DELETE NO ACTION ON UPDATE NO ACTION,
  ADD CONSTRAINT `fk_PLAYERS_has_TOURNAMENTS_TOURNAMENTS1` FOREIGN KEY (`tournament_id`) REFERENCES `statistics_tournaments` (`tournament_id`) ON DELETE NO ACTION ON UPDATE NO ACTION,
  ADD CONSTRAINT `fk_PLAYERS_has_TOURNAMENTS_user_profiles1` FOREIGN KEY (`user_id`) REFERENCES `statistics_user_profiles` (`user_id`) ON DELETE NO ACTION ON UPDATE NO ACTION;

-- 
-- Constraints for table `statistics_registered_players`
-- 
ALTER TABLE `statistics_registered_players`
  ADD CONSTRAINT `fk_REGISTERED_PLAYERS_CATEGORIES1` FOREIGN KEY (`category_id`) REFERENCES `statistics_categories` (`category_id`) ON DELETE NO ACTION ON UPDATE NO ACTION,
  ADD CONSTRAINT `fk_REGISTERED_PLAYERS_TOURNAMENTS1` FOREIGN KEY (`tournament_id`) REFERENCES `statistics_tournaments` (`tournament_id`) ON DELETE NO ACTION ON UPDATE NO ACTION,
  ADD CONSTRAINT `fk_REGISTERED_PLAYERS_user_profiles1` FOREIGN KEY (`user_id`) REFERENCES `statistics_user_profiles` (`user_id`) ON DELETE NO ACTION ON UPDATE NO ACTION;

-- 
-- Constraints for table `statistics_results`
-- 
ALTER TABLE `statistics_results`
  ADD CONSTRAINT `fk_results_tournaments1` FOREIGN KEY (`tournament_id`) REFERENCES `statistics_tournaments` (`tournament_id`) ON DELETE NO ACTION ON UPDATE NO ACTION,
  ADD CONSTRAINT `fk_results_user_profiles1` FOREIGN KEY (`user_id`) REFERENCES `statistics_user_profiles` (`user_id`) ON DELETE NO ACTION ON UPDATE NO ACTION;

-- 
-- Constraints for table `statistics_user_autologin`
-- 
ALTER TABLE `statistics_user_autologin`
  ADD CONSTRAINT `fk_user_autologin_users1` FOREIGN KEY (`user_id`) REFERENCES `statistics_users` (`id`) ON DELETE NO ACTION ON UPDATE NO ACTION;

-- 
-- Constraints for table `statistics_user_profiles`
-- 
ALTER TABLE `statistics_user_profiles`
  ADD CONSTRAINT `fk_user_profiles_users1` FOREIGN KEY (`user_id`) REFERENCES `statistics_users` (`id`) ON DELETE NO ACTION ON UPDATE NO ACTION;
